method,path,id,title,request,response,roles,requirement,version,paged
POST,/api/v1/auth/sms-challenges,createSmsChallenge,发送验证请求,SmsRequest,SmsChallenge,ANON,R-003,0.2,False
POST,/api/v1/auth/registrations,registerUser,手机号注册,RegisterRequest,Session,ANON,R-003,0.2,False
POST,/api/v1/auth/sessions,createSession,手机号或微信登录,LoginRequest,Session,ANON,R-005,0.2,False
POST,/api/v1/auth/sessions/refresh,refreshSession,刷新轮换,RefreshRequest,Session,ANON,R-005,0.2,False
DELETE,/api/v1/auth/sessions/current,logoutSession,退出当前会话,,Ack,USER,R-005,0.2,False
GET,/api/v1/bootstrap,getBootstrap,模拟启动配置,,Bootstrap,ANON,R-001,0.2,False
GET,/api/v1/me,getCurrentUser,本人资料,,User,USER,R-006,0.2,False
POST,/api/v1/me/identities/wechat,bindWechat,显式绑定微信,WechatBindRequest,Ack,USER,R-004,0.2,False
POST,/api/v1/me/consents,recordConsent,记录告知/协议选择,ConsentRequest,Ack,USER,R-013,0.2,False
POST,/api/v1/me/simulation-activation,activateSimulation,申请模拟资格,ConsentRequest,LimitAccount,USER,R-014,0.4,False
GET,/api/v1/me/limit-account,getLimitAccount,本人全平台额度,,LimitAccount,USER,R-014,0.4,False
POST,/api/v1/merchant-applications,createMerchantApplication,创建并提交模拟商家,ApplicationRequest,MerchantApplication,USER,R-007,0.3,False
GET,/api/v1/merchant-applications/{id},getMerchantApplication,申请进度,,MerchantApplication,"OWNER,MERCHANT_REVIEWER",R-008,0.3,False
POST,/api/v1/admin/merchant-applications/{id}/decision,reviewMerchantApplication,独立入驻审核,DecisionRequest,MerchantApplication,MERCHANT_REVIEWER,R-008,0.3,False
POST,/api/v1/stores,createStore,创建门店,StoreRequest,Store,OWNER,R-009,0.3,False
GET,/api/v1/stores,listStores,授权门店查询,,Store,"USER,OWNER,CLERK",R-009,0.3,True
POST,/api/v1/products,createProduct,创建套餐,ProductRequest,Product,OWNER,R-010,0.3,False
GET,/api/v1/products,listProducts,套餐列表,,Product,"USER,OWNER,CLERK",R-010,0.3,True
PATCH,/api/v1/products/{id},updateProduct,修改商品和上下架,ProductUpdate,Product,OWNER,R-010,0.3,False
POST,/api/v1/orders,createOrder,商家创建待确认订单,OrderCreate,Order,"OWNER,CLERK",R-011,0.4,False
GET,/api/v1/orders,listOrders,订单分页,,Order,"USER,OWNER,CLERK",R-029,0.8,True
GET,/api/v1/orders/{id},getOrder,查询本人/本商家订单,,Order,"USER,OWNER,CLERK",R-006,0.4,False
POST,/api/v1/orders/{id}/publish,publishOrder,发布短时确认凭证,VersionRequest,Credential,"OWNER,CLERK",R-012,0.4,False
POST,/api/v1/order-credentials/resolve,resolveOrderCredential,凭证换只读订单快照,ResolveCredential,Order,USER,R-012,0.4,False
POST,/api/v1/orders/{id}/confirm,confirmOrder,本人逐笔确认并预占,ConfirmOrder,OrderConfirmed,USER,R-013,0.4,False
POST,/api/v1/orders/{id}/fulfillment-credential,createFulfillmentCredential,消费者取得核销凭证,VersionRequest,Credential,USER,R-012,0.5,False
POST,/api/v1/orders/{id}/fulfill,fulfillOrder,商家核销转模拟应收,FulfillOrder,Receivable,"OWNER,CLERK",R-016,0.5,False
POST,/api/v1/orders/{id}/cancel,cancelOrder,取消未履约订单,VersionRequest,Order,"USER,OWNER",R-015,0.4,False
GET,/api/v1/receivables,listReceivables,应收分页查询,,Receivable,"USER,OWNER,LEDGER_CHECKER",R-029,0.5,True
GET,/api/v1/receivables/{id},getReceivable,应收详情,,Receivable,"USER,OWNER,LEDGER_CHECKER",R-017,0.5,False
POST,/api/v1/repayments,createRepayment,创建模拟还款,RepaymentCreate,Repayment,USER,R-019,0.6,False
GET,/api/v1/repayments/{id},getRepayment,还款权威状态,,Repayment,"USER,OWNER,LEDGER_CHECKER",R-019,0.6,False
POST,/api/v1/offline-repayments,createOfflineRepayment,登记模拟线下还款,OfflineCreate,OfflineReview,"OWNER,CLERK",R-021,0.6,False
POST,/api/v1/offline-repayments/{id}/decision,reviewOfflineRepayment,用户/独立人员核实,DecisionRequest,OfflineReview,"USER,LEDGER_CHECKER",R-021,0.6,False
POST,/api/v1/simulator/results,emitMockResult,仅模拟控制台产生结果,MockResult,Ack,SIM_CONTROLLER,R-022,0.6,False
POST,/api/v1/callbacks/mock,receiveMockCallback,模拟回调入口,MockResult,Ack,MOCK_HMAC,R-022,0.6,False
POST,/api/v1/refunds,createRefund,申请退货退款,RefundCreate,Refund,"USER,OWNER",R-023,0.7,False
GET,/api/v1/refunds/{id},getRefund,退款进度,,Refund,"USER,OWNER,LEDGER_CHECKER",R-023,0.7,False
POST,/api/v1/admin/refunds/{id}/decision,reviewRefund,独立审批与冲减,DecisionRequest,Refund,LEDGER_CHECKER,R-023,0.7,False
POST,/api/v1/refunds/{id}/retry,retryRefund,明确失败后模拟重试,VersionRequest,Refund,LEDGER_CHECKER,R-024,0.7,False
POST,/api/v1/disputes,createDispute,用户发起异议,DisputeCreate,Dispute,USER,R-025,0.7,False
GET,/api/v1/disputes/{id},getDispute,异议进度,,Dispute,"USER,OWNER,SUPPORT",R-025,0.7,False
POST,/api/v1/admin/disputes/{id}/resolution,resolveDispute,客服记录结论,ResolutionRequest,Dispute,SUPPORT,R-025,0.7,False
POST,/api/v1/disputes/{id}/appeal,appealDispute,用户申请复核,ResolutionRequest,Dispute,USER,R-025,0.7,False
POST,/api/v1/ledger-adjustments,createAdjustment,更正申请,AdjustmentCreate,Adjustment,LEDGER_MAKER,R-026,0.7,False
POST,/api/v1/admin/ledger-adjustments/{id}/decision,reviewAdjustment,独立更正审批,DecisionRequest,Adjustment,LEDGER_CHECKER,R-026,0.7,False
POST,/api/v1/admin/ledger-adjustments/{id}/post,postAdjustment,执行已批准更正,VersionRequest,Adjustment,LEDGER_CHECKER,R-026,0.7,False
POST,/api/v1/admin/rules,createRule,创建模拟规则版本,RuleCreate,Rule,LEDGER_MAKER,R-031,0.4,False
POST,/api/v1/admin/rules/{id}/decision,reviewRule,批准模拟规则,DecisionRequest,Rule,LEDGER_CHECKER,R-031,0.4,False
GET,/api/v1/rules/current,getCurrentRule,当前模拟规则,,Rule,USER,R-031,0.4,False
POST,/api/v1/files,uploadFile,上传私有模拟证据,FileUpload,FileAsset,"USER,OWNER,LEDGER_MAKER",R-030,0.6,False
POST,/api/v1/admin/reconciliations,createReconciliation,导入并创建模拟对账,ReconCreate,Reconciliation,LEDGER_MAKER,R-027,0.8,False
GET,/api/v1/admin/reconciliations/{id},getReconciliation,对账结果,,Reconciliation,"LEDGER_MAKER,LEDGER_CHECKER",R-027,0.8,False
GET,/api/v1/admin/reconciliations/{id}/differences,listDifferences,差异列表,,Difference,"LEDGER_MAKER,LEDGER_CHECKER",R-028,0.8,True
POST,/api/v1/admin/reconciliation-differences/{id}/resolution,resolveDifference,差异独立复核关闭,ResolutionRequest,Difference,LEDGER_CHECKER,R-028,0.8,False
POST,/api/v1/exports,createExport,申请水印导出,ExportCreate,Export,"OWNER,LEDGER_MAKER",R-030,0.8,False
POST,/api/v1/admin/exports/{id}/decision,reviewExport,导出批准,DecisionRequest,Export,LEDGER_CHECKER,R-030,0.8,False
GET,/api/v1/exports/{id},getExport,导出进度,,Export,"OWNER,LEDGER_MAKER",R-030,0.8,False
GET,/api/v1/exports/{id}/download,getExportDownload,受控短时下载,,DownloadLink,"OWNER,LEDGER_MAKER",R-030,0.8,False
GET,/api/v1/notifications,listNotifications,本人站内结果,,Notification,USER,R-032,0.8,True
POST,/api/v1/notifications/{id}/read,readNotification,标记本人已读,EmptyRequest,Ack,USER,R-032,0.8,False
GET,/api/v1/admin/audit-events,listAuditEvents,审计查询,,AuditEvent,SECURITY,R-034,0.8,True
POST,/api/v1/admin/emergency-stop,pauseSimulation,只暂停新增模拟交易,EmergencyRequest,Ack,SECURITY,R-040,0.9,False
GET,/api/v1/health,getHealth,最小健康信息,,Health,ANON,R-035,0.1,False
POST,/api/v1/me/phone-binding,rebindPhone,验证后换绑手机号,PhoneRebindRequest,User,USER,R-002,0.2,False
PATCH,/api/v1/stores/{id},updateStore,门店修改/停用,StoreUpdate,Store,OWNER,R-009,0.3,False
POST,/api/v1/admin/merchants/{id}/state,changeMerchantState,暂停/退出模拟商家,MerchantStateRequest,Ack,MERCHANT_REVIEWER,R-009,0.3,False
POST,/api/v1/admin/scope-grants,grantScope,创建权限变更待复核申请,ScopeGrantRequest,Ack,SECURITY,R-006,0.2,False
POST,/api/v1/admin/scope-grants/{id}/decision,reviewScopeGrant,独立审批权限变更,DecisionRequest,Ack,SECURITY,R-006,0.2,False
POST,/api/v1/me/privacy-requests,createPrivacyRequest,用户权利受理工单,PrivacyRequest,Ack,USER,R-033,0.9,False
GET,/api/v1/admin/books/{bookId}/business-days,listBusinessDays,查询授权账簿业务日,,BusinessDay,"LEDGER_MAKER,LEDGER_CHECKER,SECURITY",R-041,0.5,True
POST,/api/v1/admin/books/{bookId}/business-days/{businessDate}/close-requests,requestBusinessDayClose,申请关闭业务日,BusinessDayRequestCreate,BusinessDayRequest,LEDGER_MAKER,R-041,0.5,False
POST,/api/v1/admin/business-day-requests/{id}/decision,reviewBusinessDayRequest,独立复核业务日申请,BusinessDayDecision,BusinessDayRequest,LEDGER_CHECKER,R-041,0.5,False
POST,/api/v1/admin/business-day-requests/{id}/execute,executeBusinessDayRequest,执行获批关账或复核性重开,VersionRequest,BusinessDayRequest,LEDGER_CHECKER,R-041,0.5,False
POST,/api/v1/admin/books/{bookId}/business-days/{businessDate}/reopen-requests,requestBusinessDayReopen,申请仅复核性重开,BusinessDayRequestCreate,BusinessDayRequest,LEDGER_MAKER,R-041,0.5,False
POST,/api/v1/admin/books/{bookId}/business-days/{businessDate}/reclose-requests,requestBusinessDayReclose,申请复核后重关,BusinessDayRequestCreate,BusinessDayRequest,LEDGER_MAKER,R-041,0.5,False
