id,title,responsible_role,default_coordinator,named_owner,roles,evidence_required,status,approval_evidence,gate,block,deadline,allowed_when_pending,prohibited_when_pending,unassigned_action,subdecisions
DEC-01,经营主体与资金/债权/结算模式,项目发起人,项目发起人（未实名接任时临时召集，不代专业批准）,,项目发起人、法律、财务、拟合作机构,三方合同、资金流、债权图、主体资格及实际业务定性书面意见,PENDING,,G-REAL,任何真实授信、垫付、代偿、代收代付；未定不进入可发布开发,对应真实/扩展分支立项前；不阻断已批准Mock线,阅读公开材料、独立合成样例和已批准模拟分支,任何真实授信、垫付、代偿、代收代付；未定不进入可发布开发,项目发起人在0.1退出前任命；未落实则冻结受影响工作包及相应版本验收，其他无依赖Mock工作可继续,
DEC-02,保证金及风险分担,财务,项目发起人（未实名接任时临时召集，不代专业批准）,,财务、法律、商家代表,保管主体与账户、利息归属、扣退条件、申诉、退出、分担、债权及资金池风险结论,PENDING,,G-REAL,真实保证金收退扣划；首期无保证金子系统,对应真实/扩展分支立项前；不阻断已批准Mock线,阅读公开材料、独立合成样例和已批准模拟分支,真实保证金收退扣划；首期无保证金子系统,项目发起人在0.1退出前任命；未落实则冻结受影响工作包及相应版本验收，其他无依赖Mock工作可继续,
DEC-03,额度、期限及人群边界,产品,项目发起人（未实名接任时临时召集，不代专业批准）,,产品、风险、合作机构,模拟RV-SIM-001与真实方案分签；额度、期限、起算、降额和业务模式适用结论,PENDING,,G-REAL,真实额度与期限；模拟值不是授信批复,对应真实/扩展分支立项前；不阻断已批准Mock线,阅读公开材料、独立合成样例和已批准模拟分支,真实额度与期限；模拟值不是授信批复,项目发起人在0.1退出前任命；未落实则冻结受影响工作包及相应版本验收，其他无依赖Mock工作可继续,
DEC-04,评分等级与自动提额,产品,项目发起人（未实名接任时临时召集，不代专业批准）,,产品、风险、隐私负责人,变量必要性、解释、验证报告、人工复核、影响评估与模型版本,PENDING,,G-EXPAND,真实评分提额；首期不评分、不兑换积分,对应真实/扩展分支立项前；不阻断已批准Mock线,阅读公开材料、独立合成样例和已批准模拟分支,真实评分提额；首期不评分、不兑换积分,项目发起人在0.1退出前任命；未落实则冻结受影响工作包及相应版本验收，其他无依赖Mock工作可继续,
DEC-05,计息、收费与税务会计,业务主体,项目发起人（未实名接任时临时召集，不代专业批准）,,业务主体、财务、法律,费用主体、披露、适用会计制度、收入/税费确认、发票和坏账政策,PENDING,,G-REAL,真实利息、逾期费用及相关凭证,对应真实/扩展分支立项前；不阻断已批准Mock线,阅读公开材料、独立合成样例和已批准模拟分支,真实利息、逾期费用及相关凭证,项目发起人在0.1退出前任命；未落实则冻结受影响工作包及相应版本验收，其他无依赖Mock工作可继续,
DEC-06,API商业化与报价,产品,项目发起人（未实名接任时临时召集，不代专业批准）,,产品、商业、财务,服务范围、计量单位、套餐/退款/发票规则、需求与成本证据,PENDING,,G-EXPAND,API套餐、计费和历史价格；首期只内部业务查询,对应真实/扩展分支立项前；不阻断已批准Mock线,阅读公开材料、独立合成样例和已批准模拟分支,API套餐、计费和历史价格；首期只内部业务查询,项目发起人在0.1退出前任命；未落实则冻结受影响工作包及相应版本验收，其他无依赖Mock工作可继续,
DEC-07,跨商家信用与征信边界,法律,项目发起人（未实名接任时临时召集，不代专业批准）,,法律、数据合规、合资格合作方,许可路径、数据来源、明确目的、授权、最小字段、异议、更正、留存结论,PENDING,,G-EXPAND,跨商家信用返回值和销售；区间返回不豁免审查,对应真实/扩展分支立项前；不阻断已批准Mock线,阅读公开材料、独立合成样例和已批准模拟分支,跨商家信用返回值和销售；区间返回不豁免审查,项目发起人在0.1退出前任命；未落实则冻结受影响工作包及相应版本验收，其他无依赖Mock工作可继续,
DEC-08,学生与身份核验最小化,合作机构,项目发起人（未实名接任时临时召集，不代专业批准）,,合作机构、法律、隐私负责人,成年/学生场景结论；替代核验、身份证/人脸必要性及供应商委托协议,PENDING,,G-REAL,真实学生信贷、身份证及人脸采集；模拟不收证件,对应真实/扩展分支立项前；不阻断已批准Mock线,阅读公开材料、独立合成样例和已批准模拟分支,真实学生信贷、身份证及人脸采集；模拟不收证件,项目发起人在0.1退出前任命；未落实则冻结受影响工作包及相应版本验收，其他无依赖Mock工作可继续,
DEC-09,真实实验规模、资金与退出,试验负责人,项目发起人（未实名接任时临时召集，不代专业批准）,,试验负责人、财务、风险,累计交易/余额/每日/用户/商家/损失上限、资金证明、预算审批、止损与退场方案,PENDING,,G-PILOT,真实用户及资金实验；金额默认0不是默认5000,对应真实/扩展分支立项前；不阻断已批准Mock线,阅读公开材料、独立合成样例和已批准模拟分支,真实用户及资金实验；金额默认0不是默认5000,项目发起人在0.1退出前任命；未落实则冻结受影响工作包及相应版本验收，其他无依赖Mock工作可继续,
DEC-10,微信/支付宝支付入口,业务,项目发起人（未实名接任时临时召集，不代专业批准）,,业务、渠道、技术、财务,商户模式/收款人、AppID/商户号、产品批准、签约、回调与对账验收,PENDING,,G-REAL,真实支付及结算；支付许可不等于信贷许可,对应真实/扩展分支立项前；不阻断已批准Mock线,阅读公开材料、独立合成样例和已批准模拟分支,真实支付及结算；支付许可不等于信贷许可,项目发起人在0.1退出前任命；未落实则冻结受影响工作包及相应版本验收，其他无依赖Mock工作可继续,
DEC-11,确认、还款分配与线下核实,产品,项目发起人（未实名接任时临时召集，不代专业批准）,,产品、账务复核、商家代表,逐笔确认、预占时效、核销责任、分配规则、线下证据与独立复核签字,PENDING,,G-SIM,首期模拟闭环业务基线冻结前必须决定,0.3评审结束前完成，0.4正式联调入口硬检查,候选规则文档和隔离单元测试,冻结模拟合同/正式联调/0.4验收；不得将候选参数标批准,项目发起人在0.1退出前任命；未落实则冻结受影响工作包及相应版本验收，其他无依赖Mock工作可继续,
DEC-12,权限、隐私、留存与恢复,安全,项目发起人（未实名接任时临时召集，不代专业批准）,,安全、运营、财务、隐私负责人,权限矩阵、影响评估、数据清单与期限、RPO/RTO、密钥及应急演练,PENDING,,G-PEOPLE,真实人员体验与上线；未定不得扩个人资料,A:0.2b前或任何真实人员资料处理前；B:0.9退出前,阅读公开材料、独立合成样例和已批准模拟分支,真实人员体验与上线；未定不得扩个人资料,项目发起人在0.1退出前任命；未落实则冻结受影响工作包及相应版本验收，其他无依赖Mock工作可继续,"[""DEC-12-A 最小数据/告知/权限/值守批准"", ""DEC-12-B 完整安全/恢复/留存验证批准""]"
DEC-13,编号、产品名、源码与许可基线,产品,项目发起人（未实名接任时临时召集，不代专业批准）,,产品、技术负责人,UID前缀规则、三仓commit、LICENSE/NOTICE、SBOM、改造代码差距报告,PENDING,,G-CODE,正式编码/复用承诺；本次未获得现改源码,SOURCE:0.1正式源码复用前；UID:0.2a正式编号验收前；全文:0.4前,不声称已采用芋道的文档、隔离候选schema和模拟样例验证,未经授权复用仓库；正式持久化UID冻结/迁移；将候选规则记为验收通过,项目发起人在0.1退出前任命；未落实则冻结受影响工作包及相应版本验收，其他无依赖Mock工作可继续,"[""DEC-13-SOURCE 三仓授权/commit/许可证"", ""DEC-13-UID UID候选签批""]"
