id,title,importance,entry,materials,responsible_role,default_coordinator,named_owner,status,status_note,deadline,approval_evidence,unmet_action,subitems
PR-01,现改源码、三仓授权与许可,阻断/0.1,项目方授权仓库；[S02–S04]为上游核查入口,提供前端/后台/后端地址或源码、现改分支、LICENSE、依赖；生成commit/lock/SBOM,技术负责人,项目发起人,,NOT_VERIFIED,未取得现改源码；阻断正式复用承诺,阻断/0.1,,仅允许无此依赖的Mock开发；阻断相应真机/资金/数据使用或版本验收；不默认为已申请,
PR-02,开发环境与隔离模拟库,阻断/0.1,内部工程环境，不涉及金融申请,锁Java/Node/构建/DB版本；干净启动、迁移回滚、生产网络禁用,技术/测试,项目发起人,,NOT_VERIFIED,未执行；不凭本文称可运行,阻断/0.1,,仅允许无此依赖的Mock开发；阻断相应真机/资金/数据使用或版本验收；不默认为已申请,
PR-03,微信小程序AppID与体验员,高/0.2真机前,微信公众平台 https://mp.weixin.qq.com/ [S18],按所选主体注册；主体资料、管理员、邮箱、类目；添加开发/体验成员；登录后台核对,项目主体管理员,项目发起人,,NOT_VERIFIED,未申请/未核验；本地可Mock，真机依赖获准AppID,0.2b真机前；未完成仅0.2a Mock,,仅允许无此依赖的Mock开发；阻断相应真机/资金/数据使用或版本验收；不默认为已申请,
PR-04,手机号验证供应能力,高/0.2真实体验前,供应商短信控制台，如 https://console.cloud.tencent.com/smsv2 [S22],企业实名、短信签名/模板、用途、白名单与预算；Mock号不得发真实短信,账号/隐私负责人,项目发起人,,NOT_VERIFIED,不承诺免费或审批时长；也可核定微信手机号能力作为另一方案,0.2b真机前；未完成仅0.2a Mock,,仅允许无此依赖的Mock开发；阻断相应真机/资金/数据使用或版本验收；不默认为已申请,
PR-05,商家体验资料与授权,高/0.3,学校/合作方与商家代表内部确认,合成资料模板、模拟参与协议、核销员名单；真实营业资料不用于首期模拟,运营/老师指定角色,项目发起人,,NOT_VERIFIED,待实际单位签字,高/0.3,,仅允许无此依赖的Mock开发；阻断相应真机/资金/数据使用或版本验收；不默认为已申请,
PR-06,模拟账务独立复核,阻断/0.5,会计/财务顾问或被指定独立账务复核角色,核对J模板、金额案例、双人职责；不把模拟分录签审当法定会计结论,账务负责人,项目发起人,,NOT_VERIFIED,未签审,0.5入口前（含新关账/重开模拟规则）,,仅允许无此依赖的Mock开发；阻断相应真机/资金/数据使用或版本验收；不默认为已申请,
PR-07,自建Mock支付及账单,阻断/0.6,团队内部模拟服务,测试密钥、回调验签、主动查询、迟到/重复、标准CSV；不用真实资金,后端/测试,项目发起人,,NOT_VERIFIED,待实现；不依赖支付商户号,0.6入口前；Mock服务/签名/账单样例已部署验证,,仅允许无此依赖的Mock开发；阻断相应真机/资金/数据使用或版本验收；不默认为已申请,
PR-08,域名、HTTPS、合法域名和备案,高/公开体验前,接入云服务商与微信后台；工信部 https://beian.miit.gov.cn/ [S20],主体、域名、部署信息；按公开服务方式核定网站/APP/小程序备案；request/upload/download域名,运维/主体管理员,项目发起人,,NOT_VERIFIED,具体审核材料登录后确认；无需时注明适用结论,0.2b真机前；未完成仅0.2a Mock,,仅允许无此依赖的Mock开发；阻断相应真机/资金/数据使用或版本验收；不默认为已申请,
PR-09,隐私影响评估和安全演练,阻断/真实人员体验及0.9,内部隐私/安全负责人，必要时专业服务机构,数据目的、最小字段、供应商委托、留存、个人权利、威胁模型、密钥与恢复演练,隐私/安全,项目发起人,,NOT_VERIFIED,不得用一张隐私勾选替代评估,A:0.2b/真实资料前；B:0.9退出前,,仅允许无此依赖的Mock开发；阻断相应真机/资金/数据使用或版本验收；不默认为已申请,"[""PR-09-A 最小资料/PIA/权限/密钥/应急预案"", ""PR-09-B 完整安全、压力与恢复演练""]"
PR-10,学校/企业试验授权和责任人,阻断/1.0体验扩围前,指导老师指定的校企主管部门、合作主体；研究伦理要求如适用另核定,试验范围、知情说明、参与名单、值守、退出与问题处理签字；未经许可不得提前组织真实学校体验，完整扩围授权不能倒签,项目负责人,项目发起人,,NOT_VERIFIED,单位和人员未指定；不虚构已同意,完整授权最迟1.0入口；0.2b须已有对应最小白名单体验授权,,仅允许无此依赖的Mock开发；阻断相应真机/资金/数据使用或版本验收；不默认为已申请,
PR-11,真实微信支付及结算,阻断/真实版另立项,微信支付商户平台 https://pay.weixin.qq.com/ [S19]；官方SDK [S11],先G-REAL；后收款主体/商户模式、营业资料、结算账户、商户号、AppID关联、产品签约、开发证书/公钥/APIv3配置,业务+支付+财务+技术,项目发起人,,NOT_VERIFIED,0.1—1.0不接入；费用/时长以官方后台为准,阻断/真实版另立项,,仅允许无此依赖的Mock开发；阻断相应真机/资金/数据使用或版本验收；不默认为已申请,
PR-12,支付宝真实或官方沙箱应用,条件/真实版或独立沙箱研究,支付宝开放平台 https://open.alipay.com/ [S12][S13],应用、实名/签约和产品场景；sandbox与production分密钥；不得在微信原生支付中伪调支付宝,渠道负责人,项目发起人,,NOT_VERIFIED,小程序/网页等按实际场景，不保证所有产品都有沙箱,条件/真实版或独立沙箱研究,,仅允许无此依赖的Mock开发；阻断相应真机/资金/数据使用或版本验收；不默认为已申请,
PR-13,真实授信/担保/保证金模式,阻断/真实版,具备资格的合作机构；法律、财务及相应主管部门,DEC-01/02/03/05/08：业务定性、资质、资金、合同、保管、利息、扣退、赔付与追偿,业务/法律/财务,项目发起人,,NOT_VERIFIED,没有通用“保证金许可证一键申请”；未核定=禁止,阻断/真实版,,仅允许无此依赖的Mock开发；阻断相应真机/资金/数据使用或版本验收；不默认为已申请,
PR-14,跨商家信用信息服务,阻断/后续独立立项,人民银行征信管理相关部门、合资格提供方 [S08],许可/合作路径、来源与用途、授权、字段、异议、纠错、留存、安全评估,合规/业务,项目发起人,,NOT_VERIFIED,购买API次数不替代资质；首期无接口,阻断/后续独立立项,,仅允许无此依赖的Mock开发；阻断相应真机/资金/数据使用或版本验收；不默认为已申请,
PR-15,身份证/人脸核验,条件/以后确需时,核验服务商与隐私合规负责人；办法 [S05][S06],必要性、替代方式、服务协议、影响评估、单独同意、结果留存与删除,隐私/业务,项目发起人,,NOT_VERIFIED,首期不采；不按注册人数提前买人脸服务,条件/以后确需时,,仅允许无此依赖的Mock开发；阻断相应真机/资金/数据使用或版本验收；不默认为已申请,
PR-16,税务和发票,高/真实收费前,主管税务机关/电子税务局 https://etax.chinatax.gov.cn/ [S21],核定纳税人、交易主体、税务信息、发票和红冲；会计确认与税务时点分别确定,财务,项目发起人,,NOT_VERIFIED,首期仅模拟账单，不开真实发票,高/真实收费前,,仅允许无此依赖的Mock开发；阻断相应真机/资金/数据使用或版本验收；不默认为已申请,
PR-17,订阅/短信/邮件消息,中/后续迭代,微信公众平台/所选短信或邮件服务商,模板批准、订阅/授权、用途、退订、频控、失败补偿与费用预算,运营/隐私,项目发起人,,NOT_VERIFIED,首期站内结果即可，不做外部催收,中/后续迭代,,仅允许无此依赖的Mock开发；阻断相应真机/资金/数据使用或版本验收；不默认为已申请,
PR-18,API商业化/广告/积分,后续/不计首期,对应服务合同与平台官方商业后台,DEC-04/06/07及商业验证、计费发票、积分成本和广告规则,商业/财务,项目发起人,,NOT_VERIFIED,首期不报价、不扣费、不售个人信用,后续/不计首期,,仅允许无此依赖的Mock开发；阻断相应真机/资金/数据使用或版本验收；不默认为已申请,
PR-19,其他端打包,后续/不计首期,各应用商店/平台官方开发者入口；另立版本,实际UI/插件、支付与隐私能力验证、签名和渠道审核,技术/产品,项目发起人,,NOT_VERIFIED,不提前实现全平台适配器,后续/不计首期,,仅允许无此依赖的Mock开发；阻断相应真机/资金/数据使用或版本验收；不默认为已申请,
