requirement,title,design_section,target_version,operations,checks,design_detail,acceptance_status
R-001,范围与模拟标识,1.2,0.1,getBootstrap,CK-01-01,1.2,NOT_RUN
R-002,独立 UID,1.4,0.2,rebindPhone,CK-02-03;CK-02-10;CK-03-05,1.4,NOT_RUN
R-003,手机号注册,1.4,0.2,createSmsChallenge;registerUser,CK-02-01;CK-02-02;CK-02-12;CK-02-13,1.4,NOT_RUN
R-004,微信绑定,1.4,0.2,bindWechat,CK-02-04;CK-02-05;CK-02-06;CK-02-16,1.4,NOT_RUN
R-005,会话与撤销,1.4,0.2,createSession;refreshSession;logoutSession,CK-02-07;CK-02-08,1.4,NOT_RUN
R-006,身份与数据范围,1.3,0.2,getCurrentUser;getOrder;grantScope;reviewScopeGrant,CK-01-08;CK-02-09;CK-03-11;CK-10-04,1.3,NOT_RUN
R-007,商家入驻申请,1.5,0.3,createMerchantApplication,CK-03-01;CK-03-02,1.5,NOT_RUN
R-008,入驻人工审核,1.5,0.3,getMerchantApplication;reviewMerchantApplication,CK-03-03;CK-03-04,1.5,NOT_RUN
R-009,门店与成员,1.5,0.3,createStore;listStores;updateStore;changeMerchantState,CK-03-06;CK-03-07;CK-03-12,1.5,NOT_RUN
R-010,商品套餐快照,1.5,0.3,createProduct;listProducts;updateProduct,CK-03-08;CK-03-09;CK-03-10,1.5,NOT_RUN
R-011,待确认订单,1.6,0.4,createOrder,CK-04-01;CK-04-02,1.6,NOT_RUN
R-012,凭证与防重放,1.6,0.4,publishOrder;resolveOrderCredential;createFulfillmentCredential,CK-04-03;CK-04-04;CK-04-10,1.6,NOT_RUN
R-013,用户逐笔确认,1.6,0.4,recordConsent;confirmOrder,CK-04-05;CK-04-06;CK-04-13,1.6,NOT_RUN
R-014,全平台模拟额度,1.7,0.4,activateSimulation;getLimitAccount,CK-04-07;CK-04-08;CK-04-09,1.7,NOT_RUN
R-015,超时取消释放,1.7,0.4,cancelOrder,CK-04-11;CK-04-12;CK-05-04,1.7,NOT_RUN
R-016,履约与应收生成,1.7,0.5,fulfillOrder,CK-05-01;CK-05-02;CK-05-03,1.7,NOT_RUN
R-017,独立应收状态,1.7,0.5,getReceivable,CK-05-05;CK-05-06,1.7,NOT_RUN
R-018,平衡的模拟业务子账,1.8,0.5,DOCUMENT_OR_CROSS_CUTTING,CK-05-07;CK-05-08;CK-05-09;CK-06-14,1.8,NOT_RUN
R-019,模拟还款,1.8,0.6,createRepayment;getRepayment,CK-06-01;CK-06-02;CK-06-13,1.8,NOT_RUN
R-020,还款分配,1.8,0.6,DOCUMENT_OR_CROSS_CUTTING,CK-06-03;CK-06-04;CK-06-12,1.8,NOT_RUN
R-021,线下登记复核,1.8,0.6,createOfflineRepayment;reviewOfflineRepayment,CK-06-05;CK-06-06;CK-06-07,1.8,NOT_RUN
R-022,重复与迟到回调,1.8,0.6,emitMockResult;receiveMockCallback,CK-06-08;CK-06-09;CK-06-10;CK-06-11;CK-06-16,1.8,NOT_RUN
R-023,部分退款,1.8,0.7,createRefund;getRefund;reviewRefund,CK-07-01;CK-07-02;CK-07-03;CK-07-04,1.8,NOT_RUN
R-024,还退并发,1.8,0.7,retryRefund,CK-07-05;CK-07-06;CK-07-07;CK-07-14,1.8,NOT_RUN
R-025,交易异议,1.9,0.7,createDispute;getDispute;resolveDispute;appealDispute,CK-07-08;CK-07-09,1.9,NOT_RUN
R-026,双人更正,1.9,0.7,createAdjustment;reviewAdjustment;postAdjustment,CK-05-17;CK-07-10;CK-07-11;CK-07-12;CK-07-13,1.9,NOT_RUN
R-027,模拟对账,1.10,0.8,createReconciliation;getReconciliation,CK-08-01;CK-08-02;CK-08-03,1.10,NOT_RUN
R-028,差异处理时限,1.10,0.8,listDifferences;resolveDifference,CK-08-04;CK-08-05;CK-08-06,1.10,NOT_RUN
R-029,授权查询,1.10,0.8,listOrders;listReceivables,CK-08-07,1.10,NOT_RUN
R-030,受控导出,1.10,0.8,uploadFile;createExport;reviewExport;getExport;getExportDownload,CK-08-08;CK-08-09,1.10,NOT_RUN
R-031,规则版本,1.7,0.5,createRule;reviewRule;getCurrentRule,CK-05-10;CK-05-11,1.7,NOT_RUN
R-032,业务结果通知,1.10,0.8,listNotifications;readNotification,CK-08-10;CK-08-11,1.10,NOT_RUN
R-033,个人信息最小化,1.11,0.9,createPrivacyRequest,CK-02-11;CK-02-14;CK-09-01;CK-09-02,1.11,NOT_RUN
R-034,安全和审计,1.11,0.9,listAuditEvents,CK-08-12;CK-09-03;CK-09-04;CK-09-05,1.11,NOT_RUN
R-035,备份恢复,1.11,0.9,getHealth,CK-09-06;CK-09-07;CK-09-08,1.11,NOT_RUN
R-036,性能与一致性,1.11,0.9,DOCUMENT_OR_CROSS_CUTTING,CK-09-09;CK-09-10;CK-09-13;CK-09-14;CK-09-15;CK-09-16,1.11,NOT_RUN
R-037,合成数据隔离,1.2,0.1,DOCUMENT_OR_CROSS_CUTTING,CK-01-05;CK-09-11,1.2,NOT_RUN
R-038,机器契约一致性,1.12,0.1,DOCUMENT_OR_CROSS_CUTTING,CK-01-03;CK-01-04;CK-01-06;CK-01-07;CK-01-09;CK-01-12;CK-04-14;CK-04-16;CK-09-17;CK-10-05,1.12,NOT_RUN
R-039,证据化交付,1.12,1.0,DOCUMENT_OR_CROSS_CUTTING,CK-01-10;CK-01-14;CK-10-01;CK-10-02;CK-10-03;CK-10-06;CK-10-07;CK-10-08;CK-10-09;CK-10-11;CK-10-12;CK-10-13,1.12,NOT_RUN
R-040,真实功能阻断,1.2,0.1,pauseSimulation,CK-01-02;CK-05-12;CK-09-12;CK-10-10,1.2,NOT_RUN
R-041,业务日关闭与复核性重开,1.8,0.5,listBusinessDays;requestBusinessDayClose;reviewBusinessDayRequest;executeBusinessDayRequest;requestBusinessDayReopen;requestBusinessDayReclose,CK-05-13;CK-05-14;CK-05-15;CK-05-16;CK-06-15;CK-08-13,3.13/4.4/4.7,NOT_RUN
R-042,前置决策与阶段准入,1.12,0.1,DOCUMENT_OR_CROSS_CUTTING,CK-01-11;CK-01-13;CK-02-15;CK-04-15;CK-08-14;CK-10-14,2.3/6.4/6.5,NOT_RUN
