id,version,substage,requirement,item,expected,status,blocked,block_reason,mandatory,na_reason,na_approved_by,owner,acceptance_by,accepted_at,build_sha,evidence
CK-01-01,0.1,0.1,R-001,六章范围签审,保存范围签审；明确餐饮模拟，无真实债务,NOT_RUN,False,,True,,,产品+技术,,,,
CK-01-02,0.1,0.1,R-040,真实资金功能移出发布包,构建产物与网络策略证明无真实支付SDK/密钥,NOT_RUN,False,,True,,,产品+技术,,,,
CK-01-03,0.1,0.1,R-038,三仓提交与锁文件清单,前端/后台/后端 commit、构建工具、锁文件 SHA256,NOT_RUN,False,,True,,,产品+技术,,,,
CK-01-04,0.1,0.1,R-038,许可证及依赖清点,保存 LICENSE/NOTICE、SBOM 与未决许可表,NOT_RUN,False,,True,,,产品+技术,,,,
CK-01-05,0.1,0.1,R-037,模拟空间创建,合成身份前缀、独立库和文件目录可识别,NOT_RUN,False,,True,,,产品+技术,,,,
CK-01-06,0.1,0.1,R-038,洁净环境启动,他人按 README 能启动小程序、后台、后端,NOT_RUN,False,,True,,,产品+技术,,,,
CK-01-07,0.1,0.1,R-038,迁移和回滚演练,空库迁移、失败回滚证据；不写原生产库,NOT_RUN,False,,True,,,产品+技术,,,,
CK-01-08,0.1,0.1,R-006,默认拒绝权限,未登录和无角色读写均拒绝,NOT_RUN,False,,True,,,产品+技术,,,,
CK-01-09,0.1,0.1,R-038,契约静态验证,OpenAPI 引用与示例验证通过，记录工具版本,NOT_RUN,False,,True,,,产品+技术,,,,
CK-01-10,0.1,0.1,R-039,负责人及基线签名,实名责任人、仓库访问、风险登记与回退点签字,NOT_RUN,False,,True,,,产品+技术,,,,
CK-01-11,0.1,0.1,R-042,决策截止表签任,DEC/PR截止及未决动作齐全；无人接任由项目发起人召集升级，不代专业签字,NOT_RUN,False,,True,,,项目指定角色（未实名接任）,,,,
CK-01-12,0.1,0.1,R-038,唯一契约与负例校验,非法UID/未定义ref/路径空格/状态拼写/CHECK错误均使静态校验失败,NOT_RUN,False,,True,,,项目指定角色（未实名接任）,,,,
CK-01-13,0.1,0.1,R-042,源许可与UID分项签批,DEC-13-SOURCE在正式复用前；DEC-13-UID在0.2a正式UID验收前；全文0.4前,NOT_RUN,False,,True,,,项目指定角色（未实名接任）,,,,
CK-01-14,0.1,0.1,R-039,工作量缓冲与变更基线,新增工作量单列；30%/50%缓冲、外部审批和学习时间不混入承诺,NOT_RUN,False,,True,,,项目指定角色（未实名接任）,,,,
CK-02-01,0.2,0.2a,R-003,验证码用途隔离,注册验证码不能用于换绑；过期不可用,NOT_RUN,False,,True,,,客户端+后端,,,,
CK-02-02,0.2,0.2a,R-003,验证码频控,超频429；响应不暴露账户存在性,NOT_RUN,False,,True,,,客户端+后端,,,,
CK-02-03,0.2,0.2a,R-002,UID并发唯一,DEC-13-UID候选转批准后验证；否则仅可做未签样例测试，不能记正式通过,NOT_RUN,False,,True,,,客户端+后端,,,,
CK-02-04,0.2,0.2a,R-004,微信显式绑定,登录主体与已验证手机号一致才绑定,NOT_RUN,False,,True,,,客户端+后端,,,,
CK-02-05,0.2,0.2a,R-004,绑定冲突,同AppID同OpenID不可绑定两个账户,NOT_RUN,False,,True,,,客户端+后端,,,,
CK-02-06,0.2,0.2a,R-004,禁止按昵称合并,同名头像账户仍独立,NOT_RUN,False,,True,,,客户端+后端,,,,
CK-02-07,0.2,0.2a,R-005,刷新轮换,旧refresh重用被撤销且不无限刷新,NOT_RUN,False,,True,,,客户端+后端,,,,
CK-02-08,0.2,0.2a,R-005,退出失效,退出后旧会话不能请求受保护接口,NOT_RUN,False,,True,,,客户端+后端,,,,
CK-02-09,0.2,0.2a,R-006,本人访问隔离,用户替换UID也查不到别人账目,NOT_RUN,False,,True,,,客户端+后端,,,,
CK-02-10,0.2,0.2a,R-002,手机号变更保留UID,换号不重新发额度；留变更记录,NOT_RUN,False,,True,,,客户端+后端,,,,
CK-02-11,0.2,0.2a,R-033,登录日志脱敏,无验证码、完整手机和token原文,NOT_RUN,False,,True,,,客户端+后端,,,,
CK-02-12,0.2,0.2b,R-003,真机身份通路,使用批准AppID与白名单体验员验证绑定；交易仍模拟；PR-03/04/08、DEC-12-A、PR-09-A及最小体验授权证据先通过,NOT_RUN,False,,True,,,客户端+后端,,,,
CK-02-13,0.2,0.2a,R-003,Mock无真实外发,0.2a不持真实短信或微信密钥，合成身份不可自动转真实,NOT_RUN,False,,True,,,项目指定角色（未实名接任）,,,,
CK-02-14,0.2,0.2b,R-033,真机前隐私与域名证据,0.2b所需PR-03/04/08、DEC-12-A、PR-09-A先签批，绝不跳过合法域名校验,NOT_RUN,False,,True,,,项目指定角色（未实名接任）,,,,
CK-02-15,0.2,0.2a,R-042,真机延迟不阻断Mock分支,0.3至0.9可依赖0.2a；不得把0.2b待办标成完整0.2通过,NOT_RUN,False,,True,,,项目指定角色（未实名接任）,,,,
CK-02-16,0.2,0.2b,R-004,真机绑定与Mock隔离,真机身份仅白名单，拒绝将Mock身份/历史权益自动迁入,NOT_RUN,False,,True,,,项目指定角色（未实名接任）,,,,
CK-03-01,0.3,0.3,R-007,入驻草稿,合成主体资料可保存，不误标真实认证,NOT_RUN,False,,True,,,后端+后台,,,,
CK-03-02,0.3,0.3,R-007,提交锁版本,审核中资料不可被偷偷改写,NOT_RUN,False,,True,,,后端+后台,,,,
CK-03-03,0.3,0.3,R-008,独立审核,申请人不能审核自身申请,NOT_RUN,False,,True,,,后端+后台,,,,
CK-03-04,0.3,0.3,R-008,驳回补件,理由可见，补件形成新版本,NOT_RUN,False,,True,,,后端+后台,,,,
CK-03-05,0.3,0.3,R-002,商家UID唯一,s+7位生成且不重复,NOT_RUN,False,,True,,,后端+后台,,,,
CK-03-06,0.3,0.3,R-009,门店归属,门店必须属于当前授权商家,NOT_RUN,False,,True,,,后端+后台,,,,
CK-03-07,0.3,0.3,R-009,核销员边界,仅授权门店可操作,NOT_RUN,False,,True,,,后端+后台,,,,
CK-03-08,0.3,0.3,R-010,商品套餐上下架,停用后不可建新订单，旧快照仍在,NOT_RUN,False,,True,,,后端+后台,,,,
CK-03-09,0.3,0.3,R-010,金额校验,整数分且正数，客户端改价被拒绝,NOT_RUN,False,,True,,,后端+后台,,,,
CK-03-10,0.3,0.3,R-010,商品快照,改价不改已创建订单快照,NOT_RUN,False,,True,,,后端+后台,,,,
CK-03-11,0.3,0.3,R-006,跨店越权,改merchantId/storeId返回404或403一致策略,NOT_RUN,False,,True,,,后端+后台,,,,
CK-03-12,0.3,0.3,R-009,商家暂停,禁止新增但保留历史查看和后续处理,NOT_RUN,False,,True,,,后端+后台,,,,
CK-04-01,0.4,0.4,R-011,创建待确认订单,建单不增加应收或本金占用,NOT_RUN,False,,True,,,后端+小程序,,,,
CK-04-02,0.4,0.4,R-011,单商家约束,一个订单不可混多个商家商品,NOT_RUN,False,,True,,,后端+小程序,,,,
CK-04-03,0.4,0.4,R-012,二维码只含短凭证,无长期token/手机号；只由服务端生成,NOT_RUN,False,,True,,,后端+小程序,,,,
CK-04-04,0.4,0.4,R-012,凭证到期,到期返回明确失效且不能核销,NOT_RUN,False,,True,,,后端+小程序,,,,
CK-04-05,0.4,0.4,R-013,确认页面,显示模拟标识、金额、商家、30天和协议版本,NOT_RUN,False,,True,,,后端+小程序,,,,
CK-04-06,0.4,0.4,R-013,逐笔主动确认,隐私勾选不视为订单确认,NOT_RUN,False,,True,,,后端+小程序,,,,
CK-04-07,0.4,0.4,R-014,100元跨店共享,各店总预占+本金不超10000分,NOT_RUN,False,,True,,,后端+小程序,,,,
CK-04-08,0.4,0.4,R-014,20元单笔,2001分拒绝且不占用,NOT_RUN,False,,True,,,后端+小程序,,,,
CK-04-09,0.4,0.4,R-014,并发确认,多个商家竞争剩余额度，仅允许合法总额,NOT_RUN,False,,True,,,后端+小程序,,,,
CK-04-10,0.4,0.4,R-012,凭证重放,不同幂等键重放同凭证也不新增交易,NOT_RUN,False,,True,,,后端+小程序,,,,
CK-04-11,0.4,0.4,R-015,取消释放,同取消请求只释放一次,NOT_RUN,False,,True,,,后端+小程序,,,,
CK-04-12,0.4,0.4,R-015,过期任务,超时扫描与用户取消并发不多释放,NOT_RUN,False,,True,,,后端+小程序,,,,
CK-04-13,0.4,0.4,R-013,价格版本变化,旧确认被拒，必须重新展示,NOT_RUN,False,,True,,,后端+小程序,,,,
CK-04-14,0.4,0.4,R-038,幂等内容冲突,同键不同请求409，不生成第二条,NOT_RUN,False,,True,,,后端+小程序,,,,
CK-04-15,0.4,0.4,R-042,模拟规则入口证据,DEC-11、DEC-13及RV-SIM-001签审齐全；缺一则正式联调受阻,NOT_RUN,False,,True,,,项目指定角色（未实名接任）,,,,
CK-04-16,0.4,0.4,R-038,状态与HTTP契约对照,FULFILLED单一拼写；SM-02/SM-18标题、路径和操作ID与YAML一致,NOT_RUN,False,,True,,,项目指定角色（未实名接任）,,,,
CK-05-01,0.5,0.5,R-016,有效核销,有效预占由授权核销员履约,NOT_RUN,False,,True,,,后端+账务复核,,,,
CK-05-02,0.5,0.5,R-016,核销原子性,应收/分录/额度任一失败全部回滚,NOT_RUN,False,,True,,,后端+账务复核,,,,
CK-05-03,0.5,0.5,R-016,重复核销,一个订单只有一个履约和一个应收,NOT_RUN,False,,True,,,后端+账务复核,,,,
CK-05-04,0.5,0.5,R-015,过期后拒绝履约,旧核销凭证不能消费,NOT_RUN,False,,True,,,后端+账务复核,,,,
CK-05-05,0.5,0.5,R-017,应收期限,履约时点起算30天、UTC储存上海时区展示,NOT_RUN,False,,True,,,后端+账务复核,,,,
CK-05-06,0.5,0.5,R-017,部分/结清/逾期分离,逾期是派生维度不是替换收款状态,NOT_RUN,False,,True,,,后端+账务复核,,,,
CK-05-07,0.5,0.5,R-018,借贷平衡,每批借贷之和相等且币种一致,NOT_RUN,False,,True,,,后端+账务复核,,,,
CK-05-08,0.5,0.5,R-018,账本不可覆盖,普通接口无update/delete分录入口,NOT_RUN,False,,True,,,后端+账务复核,,,,
CK-05-09,0.5,0.5,R-018,余额重建,按事件重算等于投影余额,NOT_RUN,False,,True,,,后端+账务复核,,,,
CK-05-10,0.5,0.5,R-031,规则发布审批,申请与批准分离,NOT_RUN,False,,True,,,后端+账务复核,,,,
CK-05-11,0.5,0.5,R-031,历史快照不变,新期限版本不影响历史订单,NOT_RUN,False,,True,,,后端+账务复核,,,,
CK-05-12,0.5,0.5,R-040,无平台真实资产确认,导出标SIMULATED，不能作为法定会计凭证,NOT_RUN,False,,True,,,后端+账务复核,,,,
CK-05-13,0.5,0.5,R-041,业务日关闭职责与快照,到截止后才申请；独立批准、差异检查、水位与报告hash完整,NOT_RUN,False,,True,,,项目指定角色（未实名接任）,,,,
CK-05-14,0.5,0.5,R-041,关闭与入账并发,同账簿固定锁序；关账不漏计已提交批次，不允许写关闭日,NOT_RUN,False,,True,,,项目指定角色（未实名接任）,,,,
CK-05-15,0.5,0.5,R-041,已关闭日不可直接改账,直接UPDATE/DELETE和回填posting_date拒绝；所有更正追加,NOT_RUN,False,,True,,,项目指定角色（未实名接任）,,,,
CK-05-16,0.5,0.5,R-041,复核性重开,自审拒绝、过期请求拒绝；重开仅报告复核，原分录不变,NOT_RUN,False,,True,,,项目指定角色（未实名接任）,,,,
CK-05-17,0.5,0.5,R-026,审核CHECK真值与身份,maker10/checker20和反向均可；同人和批准态NULL拒绝，真实MySQL反例需执行,NOT_RUN,False,,True,,,项目指定角色（未实名接任）,,,,
CK-06-01,0.6,0.6,R-019,部分还款,20元还8元，余12元且恢复8元额度,NOT_RUN,False,,True,,,后端+客户端+测试,,,,
CK-06-02,0.6,0.6,R-019,全额结清,本金归零且不出现负应收,NOT_RUN,False,,True,,,后端+客户端+测试,,,,
CK-06-03,0.6,0.6,R-020,分配顺序,同商家按dueAt再ID稳定排序,NOT_RUN,False,,True,,,后端+客户端+测试,,,,
CK-06-04,0.6,0.6,R-020,禁止跨收款主体混还,跨商家请求拒绝并提示分开,NOT_RUN,False,,True,,,后端+客户端+测试,,,,
CK-06-05,0.6,0.6,R-021,线下凭证,模拟登记记录方式、时间、关联应收,NOT_RUN,False,,True,,,后端+客户端+测试,,,,
CK-06-06,0.6,0.6,R-021,登记不核销,待确认不释放额度,NOT_RUN,False,,True,,,后端+客户端+测试,,,,
CK-06-07,0.6,0.6,R-021,双人确认,登记人不能自批；用户或独立复核,NOT_RUN,False,,True,,,后端+客户端+测试,,,,
CK-06-08,0.6,0.6,R-022,Mock验签,改正文/时间/nonce签名失败,NOT_RUN,False,,True,,,后端+客户端+测试,,,,
CK-06-09,0.6,0.6,R-022,重复通知,重复事件只核销一次,NOT_RUN,False,,True,,,后端+客户端+测试,,,,
CK-06-10,0.6,0.6,R-022,迟到成功,已关闭本地单收到成功不丢弃，入差异/待分配,NOT_RUN,False,,True,,,后端+客户端+测试,,,,
CK-06-11,0.6,0.6,R-022,主动查单补偿,通知丢失仍可由模拟查询核对,NOT_RUN,False,,True,,,后端+客户端+测试,,,,
CK-06-12,0.6,0.6,R-020,多收金额,超额部分形成应退记录不重复恢复额度,NOT_RUN,False,,True,,,后端+客户端+测试,,,,
CK-06-13,0.6,0.6,R-019,故障重试,服务断开后同幂等键可取原单,NOT_RUN,False,,True,,,后端+客户端+测试,,,,
CK-06-14,0.6,0.6,R-018,收款分录,模拟外部收款借方=应收核销+未分配贷方,NOT_RUN,False,,True,,,后端+客户端+测试,,,,
CK-06-15,0.6,0.6,R-041,跨日迟到资金事件,原业务日保留，当前入账日追加；inbox幂等且不重复释放额度,NOT_RUN,False,,True,,,项目指定角色（未实名接任）,,,,
CK-06-16,0.6,0.6,R-022,HMAC字节与重放,LF字节0A，原始UTF8正文不重排；签名/时间/nonce/事件键均验证,NOT_RUN,False,,True,,,项目指定角色（未实名接任）,,,,
CK-07-01,0.7,0.7,R-023,未还退款,退款先冲未还本金,NOT_RUN,False,,True,,,后端+后台+账务复核,,,,
CK-07-02,0.7,0.7,R-023,还后部分退款,20还8退6，余6元,NOT_RUN,False,,True,,,后端+后台+账务复核,,,,
CK-07-03,0.7,0.7,R-023,超未还退款,20还8退15，余0且应退3元,NOT_RUN,False,,True,,,后端+后台+账务复核,,,,
CK-07-04,0.7,0.7,R-023,退货上限,累计退货额不可超过原可退总额,NOT_RUN,False,,True,,,后端+后台+账务复核,,,,
CK-07-05,0.7,0.7,R-024,还退并发,金额守恒且不超退,NOT_RUN,False,,True,,,后端+后台+账务复核,,,,
CK-07-06,0.7,0.7,R-024,退款重试,退款成功回调多次只记一次,NOT_RUN,False,,True,,,后端+后台+账务复核,,,,
CK-07-07,0.7,0.7,R-024,退款失败,应退负债保留，不伪记资金已退,NOT_RUN,False,,True,,,后端+后台+账务复核,,,,
CK-07-08,0.7,0.7,R-025,用户提异议,本人的单据可提交，不可替别人提交,NOT_RUN,False,,True,,,后端+后台+账务复核,,,,
CK-07-09,0.7,0.7,R-025,异议处理,理由、证据、复核和结论可追踪,NOT_RUN,False,,True,,,后端+后台+账务复核,,,,
CK-07-10,0.7,0.7,R-026,更正申请,必须关联原始事件和影响明细,NOT_RUN,False,,True,,,后端+后台+账务复核,,,,
CK-07-11,0.7,0.7,R-026,独立复核,发起人不能批准自身更正,NOT_RUN,False,,True,,,后端+后台+账务复核,,,,
CK-07-12,0.7,0.7,R-026,更正分录,原记录保留，生成冲回/调整记录,NOT_RUN,False,,True,,,后端+后台+账务复核,,,,
CK-07-13,0.7,0.7,R-026,禁止直接加债,上调金额必须用户确认新交易,NOT_RUN,False,,True,,,后端+后台+账务复核,,,,
CK-07-14,0.7,0.7,R-024,额度复算,退款后再还款不会双重释放本金,NOT_RUN,False,,True,,,后端+后台+账务复核,,,,
CK-08-01,0.8,0.8,R-027,对账文件校验,表头、摘要、行数、金额、环境校验,NOT_RUN,False,,True,,,后端+测试+后台,,,,
CK-08-02,0.8,0.8,R-027,重复导入,同hash重复文件不重复记账,NOT_RUN,False,,True,,,后端+测试+后台,,,,
CK-08-03,0.8,0.8,R-027,四类核对,订单应收/额度/借贷/模拟渠道均出结果,NOT_RUN,False,,True,,,后端+测试+后台,,,,
CK-08-04,0.8,0.8,R-028,差异分类,单边、金额、重复、时序、主体错误分开,NOT_RUN,False,,True,,,后端+测试+后台,,,,
CK-08-05,0.8,0.8,R-028,差异分派,严重度、责任、截止、升级可追踪,NOT_RUN,False,,True,,,后端+测试+后台,,,,
CK-08-06,0.8,0.8,R-028,差异独立关闭,复核后关闭且附证据，不改原文件,NOT_RUN,False,,True,,,后端+测试+后台,,,,
CK-08-07,0.8,0.8,R-029,本商家分页查询,游标/排序稳定，无跨店结果,NOT_RUN,False,,True,,,后端+测试+后台,,,,
CK-08-08,0.8,0.8,R-030,导出审批,范围、用途、条数受控,NOT_RUN,False,,True,,,后端+测试+后台,,,,
CK-08-09,0.8,0.8,R-030,下载水印审计,下载链接到期，水印含领取者和任务号,NOT_RUN,False,,True,,,后端+测试+后台,,,,
CK-08-10,0.8,0.8,R-032,站内通知去重,同事件同用户同模板只一条,NOT_RUN,False,,True,,,后端+测试+后台,,,,
CK-08-11,0.8,0.8,R-032,失败补偿,通知失败不回滚交易；重试与死信可见,NOT_RUN,False,,True,,,后端+测试+后台,,,,
CK-08-12,0.8,0.8,R-034,审计链完整,入口、审批、事件、导出可用requestId串联,NOT_RUN,False,,True,,,后端+测试+后台,,,,
CK-08-13,0.8,0.8,R-041,重关与差异关联,重出报告revision+1并保留旧hash；差异通过独立调整单关闭,NOT_RUN,False,,True,,,项目指定角色（未实名接任）,,,,
CK-08-14,0.8,0.8,R-042,审批状态不冒充验收,未执行/待验收/通过/失败/N-A含依据；必需项不能无理由N-A,NOT_RUN,False,,True,,,项目指定角色（未实名接任）,,,,
CK-09-01,0.9,0.9,R-033,个人信息影响评估,真实体验账户处理清单与影响评估审阅,NOT_RUN,False,,True,,,测试+安全+后端,,,,
CK-09-02,0.9,0.9,R-033,拒绝非必要权限,拒绝位置/人脸不阻断模拟闭环,NOT_RUN,False,,True,,,测试+安全+后端,,,,
CK-09-03,0.9,0.9,R-034,威胁模型,覆盖越权、重放、注入、凭证外泄,NOT_RUN,False,,True,,,测试+安全+后端,,,,
CK-09-04,0.9,0.9,R-034,密钥轮换,新旧验证窗口和撤销演练通过,NOT_RUN,False,,True,,,测试+安全+后端,,,,
CK-09-05,0.9,0.9,R-034,敏感数据扫描,代码、日志、文件无真实证件和测试密钥外泄,NOT_RUN,False,,True,,,测试+安全+后端,,,,
CK-09-06,0.9,0.9,R-035,每日备份多版本,备份完整性及轮换记录可查,NOT_RUN,False,,True,,,测试+安全+后端,,,,
CK-09-07,0.9,0.9,R-035,恢复演练,恢复后分录/余额/文件引用核对,NOT_RUN,False,,True,,,测试+安全+后端,,,,
CK-09-08,0.9,0.9,R-035,禁止外部重放,恢复不自动触发未知资金请求,NOT_RUN,False,,True,,,测试+安全+后端,,,,
CK-09-09,0.9,0.9,R-036,1万合成用户起测,记录硬件、数据、并发、延迟及失败率,NOT_RUN,False,,True,,,测试+安全+后端,,,,
CK-09-10,0.9,0.9,R-036,并发一致性,容量不足等正常拒绝独立统计，无超额,NOT_RUN,False,,True,,,测试+安全+后端,,,,
CK-09-11,0.9,0.9,R-037,重置隔离,生产保护命中，模拟重置有双人批准,NOT_RUN,False,,True,,,测试+安全+后端,,,,
CK-09-12,0.9,0.9,R-040,关闭路径安全测试,真实支付/保证金/计息/征信无可用路由,NOT_RUN,False,,True,,,测试+安全+后端,,,,
CK-09-13,0.9,0.9,R-036,可复算数据生成,10000合成用户/100000订单/关联记录生成清单、seed、hash和一致性检查可复算,NOT_RUN,False,,True,,,项目指定角色（未实名接任）,,,,
CK-09-14,0.9,0.9,R-036,读写负载与真实业务吞吐,100虚拟会话与30写每秒10分钟分开计量；覆盖确认/入账热路径而非只写草稿,NOT_RUN,False,,True,,,项目指定角色（未实名接任）,,,,
CK-09-15,0.9,0.9,R-036,429与失败分母,基准429不能算成功；故意超限负例单列，禁止混入可用吞吐,NOT_RUN,False,,True,,,项目指定角色（未实名接任）,,,,
CK-09-16,0.9,0.9,R-036,瓶颈与环境证据,P95/P99、成功写每秒、拒绝分类、CPU/内存/锁/慢SQL、测量区间齐全,NOT_RUN,False,,True,,,项目指定角色（未实名接任）,,,,
CK-09-17,0.9,0.9,R-038,构建期多源一致性,YAML生成JSON/DDL/状态/目录；需求、接口、CK编号与追溯全部检查,NOT_RUN,False,,True,,,项目指定角色（未实名接任）,,,,
CK-10-01,1.0,1.0,R-039,累计验收复核,124项有证据，历史关键回归重新执行,NOT_RUN,False,,True,,,项目负责人+独立验收,,,,
CK-10-02,1.0,1.0,R-039,业务主路径演示,注册到对账更正完整录屏,NOT_RUN,False,,True,,,项目负责人+独立验收,,,,
CK-10-03,1.0,1.0,R-039,异常路径演示,超时、重复、迟到、还退并发均有记录,NOT_RUN,False,,True,,,项目负责人+独立验收,,,,
CK-10-04,1.0,1.0,R-006,权限矩阵验收,消费者/老板/店员/审核/账务/运维分权,NOT_RUN,False,,True,,,项目负责人+独立验收,,,,
CK-10-05,1.0,1.0,R-038,契约与实现比对,运行接口与OpenAPI和DDL迁移版本一致,NOT_RUN,False,,True,,,项目负责人+独立验收,,,,
CK-10-06,1.0,1.0,R-039,代码和许可交付,固定提交、SBOM、变更清单、许可证随包,NOT_RUN,False,,True,,,项目负责人+独立验收,,,,
CK-10-07,1.0,1.0,R-039,部署回滚交付,洁净启动、配置样例、回滚与恢复手册,NOT_RUN,False,,True,,,项目负责人+独立验收,,,,
CK-10-08,1.0,1.0,R-039,操作培训,商家/用户/管理员分别完成任务观察,NOT_RUN,False,,True,,,项目负责人+独立验收,,,,
CK-10-09,1.0,1.0,R-039,体验反馈闭环,可先1—10再不超过批准范围的约100名体验员，交易仍模拟,NOT_RUN,False,,True,,,项目负责人+独立验收,,,,
CK-10-10,1.0,1.0,R-040,真实业务未自动解锁,发布1.0不触发任何真实资金开关,NOT_RUN,False,,True,,,项目负责人+独立验收,,,,
CK-10-11,1.0,1.0,R-039,遗留问题与退出,阻断缺陷为0；遗留项有责任和修复计划,NOT_RUN,False,,True,,,项目负责人+独立验收,,,,
CK-10-12,1.0,1.0,R-039,签署模拟版交付,评审明确仅模拟可验收，真实试验需另立项,NOT_RUN,False,,True,,,项目负责人+独立验收,,,,
CK-10-13,1.0,1.0,R-039,摘要与产物完整性,六章、目录、公式、代码符号、摘要计数与产物SHA256一致,NOT_RUN,False,,True,,,项目指定角色（未实名接任）,,,,
CK-10-14,1.0,1.0,R-042,全版本及真机汇总,原124+新增26项共150；0.2b和PR-10全签审方可完整微信1.0交付,NOT_RUN,False,,True,,,项目指定角色（未实名接任）,,,,
