id,version,original_requirement,original_acceptance_criteria,implementation_status,acceptance_status,evidence,remaining,next_step,source_table_index
CK-01-01,0.1,R-001 四卷十五章范围签审,保存V1.3范围签审；明确餐饮模拟，无真实债务；证据____,未完成 人工前提,未执行（本次独立验收）,原文相关章节、DEC/PR表、附录A；未恢复有效签字或该项完成记录,缺对应批准、签署、责任人或实际参与记录；源码不能代签,由实际责任人完成原文所列签审或体验步骤，留存批准与验收证据,115
CK-01-02,0.1,R-040 真实资金功能移出发布包,构建产物与网络策略证明无真实支付SDK/密钥；证据____,部分实现,未执行（本次独立验收）,SimulationOnlyGuard.java；本次4项保护JUnit通过；发布包和网络仍待验,模拟关闭保护源码存在；发布产物和网络策略尚未重新验证,复验默认关闭、禁用路由及发布包，确认无真实资金能力,115
CK-01-03,0.1,R-038 三仓提交与锁文件清单,前端/后台/后端 commit、构建工具、锁文件 SHA256；证据____,部分完成,未执行（本次独立验收）,原始文档、技术包、三端上游基线归档和锁定资料可读；私有仓库恢复检查点提交 aef61e6eacc17762b91600871baa87066181ebb7，非完整1.0,恢复检查点已提交并回读确认；完整工具、锁文件及最终交付清单仍待复核,以已提交恢复检查点继续开发，补齐锁文件哈希、工具版本及完整交付清单,115
CK-01-04,0.1,R-038 许可证及依赖清点,保存 LICENSE/NOTICE、SBOM 与未决许可表；证据____,部分完成,未执行（本次独立验收）,原始文档、技术包、三端上游基线归档和锁定资料可读；私有仓库恢复检查点提交 aef61e6eacc17762b91600871baa87066181ebb7，非完整1.0,上游许可文件可恢复；完整SBOM、未决许可表及业务发布清单未交付,生成依赖和许可清单，固定业务提交并随交付包保存,115
CK-01-05,0.1,R-037 模拟空间创建,合成身份前缀、独立库和文件目录可识别；证据____,部分实现,未执行（本次独立验收）,IdentityModule.java；EngineContractTest.java；仅 SIM 合成身份，真实 bindWechat 返回503,合成身份和隔离配置源码存在；本次53表库及模拟服务健康检查通过；文件目录和权限隔离未完整复验,重建隔离环境并核对合成前缀、库名、目录和访问边界,115
CK-01-06,0.1,R-038 洁净环境启动,他人按 README 能启动小程序、后台、后端；证据____,未完成,未执行（本次独立验收）,runtime-phase/runtime-smoke.json；05时02分MySQL、Redis、Spring和Vue健康通过；脚本仍依赖云目录,本次依赖和后端/Vue健康检查通过；独立洁净启动、部署回滚及恢复说明未完成,在新环境由独立人员按手册启动三端并演练回退,115
CK-01-07,0.1,R-038 迁移和回滚演练,空库迁移、失败回滚证据；不写原生产库；证据____,未完成,未执行（本次独立验收）,JdbcSimStore.java；本次新增assertAppendOnly与3项测试通过；仍为5张sim_v1表，规范38表未落地,仅聚合存储方案；规范38表迁移、失败回滚演练未完成,完成38表及身份桥接迁移后在空库执行迁移和失败回滚,115
CK-01-08,0.1,R-006 默认拒绝权限,未登录和无角色读写均拒绝；证据____,部分实现,未执行（本次独立验收）,SimContext.java、SimulationEngine.java；IndependentSecurityTest.java 的权限和会话用例源码,对象范围和默认拒绝源码存在；整套角色矩阵未独立验收,逐角色、跨用户、跨商家与跨店执行允许和拒绝用例,115
CK-01-09,0.1,R-038 契约静态验证,OpenAPI 引用与示例验证通过，记录工具版本；证据____,部分完成,未执行（本次独立验收）,本次契约静态40/40通过，含openapi-spec-validator 0.7.2完整规范校验；报告qa/static_validation.json,静态验证已通过；完整业务HTTP、规范DDL及逐条CK验收未完成,固定校验产物并补运行接口和实际迁移版本比对,115
CK-01-10,0.1,R-039 负责人及基线签名,实名责任人、仓库访问、风险登记与回退点签字；证据____,未完成 人工前提,未执行（本次独立验收）,原文相关章节、DEC/PR表、附录A；未恢复有效签字或该项完成记录,缺对应批准、签署、责任人或实际参与记录；源码不能代签,由实际责任人完成原文所列签审或体验步骤，留存批准与验收证据,115
CK-01-11,0.1,R-042 决策截止表签任,DEC/PR截止及未决动作齐全；无人接任由项目发起人召集升级，不代专业签字；证据____,未完成 人工前提,未执行（本次独立验收）,原文相关章节、DEC/PR表、附录A；未恢复有效签字或该项完成记录,缺对应批准、签署、责任人或实际参与记录；源码不能代签,由实际责任人完成原文所列签审或体验步骤，留存批准与验收证据,115
CK-01-12,0.1,R-038 唯一契约与负例校验,非法UID/未定义ref/路径空格/状态拼写/CHECK错误均使静态校验失败；证据____,部分完成,未执行（本次独立验收）,本次契约静态40/40通过，含openapi-spec-validator 0.7.2完整规范校验；报告qa/static_validation.json,静态验证已通过；完整业务HTTP、规范DDL及逐条CK验收未完成,固定校验产物并补运行接口和实际迁移版本比对,115
CK-01-13,0.1,R-042 源许可与UID分项签批,DEC-13-SOURCE在正式复用前；DEC-13-UID在0.2a正式UID验收前；全文0.4前；证据____,未完成 人工前提,未执行（本次独立验收）,原文相关章节、DEC/PR表、附录A；未恢复有效签字或该项完成记录,缺对应批准、签署、责任人或实际参与记录；源码不能代签,由实际责任人完成原文所列签审或体验步骤，留存批准与验收证据,115
CK-01-14,0.1,R-039 工作量缓冲与变更基线,新增工作量单列；30%/50%缓冲、外部审批和学习时间不混入承诺；证据____,未完成 人工前提,未执行（本次独立验收）,原文相关章节、DEC/PR表、附录A；未恢复有效签字或该项完成记录,缺对应批准、签署、责任人或实际参与记录；源码不能代签,由实际责任人完成原文所列签审或体验步骤，留存批准与验收证据,115
CK-02-01,0.2,R-003 验证码用途隔离,注册验证码不能用于换绑；过期不可用；证据____,部分实现,未执行（本次独立验收）,IdentityModule.java；EngineContractTest.java；仅 SIM 合成身份，真实 bindWechat 返回503,当前仅合成身份；缺该项独立验收记录,在恢复后的隔离环境重跑该项正反例,116
CK-02-02,0.2,R-003 验证码频控,超频429；响应不暴露账户存在性；证据____,部分实现,未执行（本次独立验收）,IdentityModule.java；EngineContractTest.java；仅 SIM 合成身份，真实 bindWechat 返回503,当前仅合成身份；缺该项独立验收记录,在恢复后的隔离环境重跑该项正反例,116
CK-02-03,0.2,R-002 UID并发唯一,DEC-13-UID候选转批准后验证；否则仅可做未签样例测试，不能记正式通过；证据____,部分实现 受签审阻挡,未执行（本次独立验收）,IdentityModule.java；EngineContractTest.java；仅 SIM 合成身份，真实 bindWechat 返回503,UID仍为候选合成规则；DEC-13-UID未见正式批准；身份桥接未落地,先完成UID批准，再跑并发唯一和持久化约束验收,116
CK-02-04,0.2,R-004 微信显式绑定,登录主体与已验证手机号一致才绑定；证据____,延期 真机分支,未执行（本次独立验收）,IdentityModule.java；EngineContractTest.java；仅 SIM 合成身份，真实 bindWechat 返回503,真实微信绑定服务未配置；AppID、合法域名、隐私和体验授权签审未完成,本轮继续云端Mock；恢复微信分支时补齐0.2b前提，再测真机绑定和隔离,116
CK-02-05,0.2,R-004 绑定冲突,同AppID同OpenID不可绑定两个账户；证据____,延期 真机分支,未执行（本次独立验收）,IdentityModule.java；EngineContractTest.java；仅 SIM 合成身份，真实 bindWechat 返回503,真实微信绑定服务未配置；AppID、合法域名、隐私和体验授权签审未完成,本轮继续云端Mock；恢复微信分支时补齐0.2b前提，再测真机绑定和隔离,116
CK-02-06,0.2,R-004 禁止按昵称合并,同名头像账户仍独立；证据____,部分实现,未执行（本次独立验收）,IdentityModule.java；EngineContractTest.java；仅 SIM 合成身份，真实 bindWechat 返回503,Mock账户不按昵称合并；真实微信同名账户场景尚未实现验收,保留Mock负例并在0.2b完成同名不同主体测试,116
CK-02-07,0.2,R-005 刷新轮换,旧refresh重用被撤销且不无限刷新；证据____,部分实现,未执行（本次独立验收）,refreshReplayRevokesWholeFamily及并发刷新重放测试；本次已运行通过，属单元或内存场景证据；HTTP和数据库验收未完成,轮换、重放撤销和退出代码存在；当前持久化会话复验未完成,复测正常轮换、并发重放、过期、退出及重启后的撤销状态,116
CK-02-08,0.2,R-005 退出失效,退出后旧会话不能请求受保护接口；证据____,部分实现,未执行（本次独立验收）,IdentityModule.java；EngineContractTest.java；仅 SIM 合成身份，真实 bindWechat 返回503,轮换、重放撤销和退出代码存在；当前持久化会话复验未完成,复测正常轮换、并发重放、过期、退出及重启后的撤销状态,116
CK-02-09,0.2,R-006 本人访问隔离,用户替换UID也查不到别人账目；证据____,部分实现,未执行（本次独立验收）,defaultDenyAndWorkspaceNoForeignOrders测试；本次已运行通过，属单元或内存场景证据；HTTP和数据库验收未完成,对象范围和默认拒绝源码存在；整套角色矩阵未独立验收,逐角色、跨用户、跨商家与跨店执行允许和拒绝用例,116
CK-02-10,0.2,R-002 手机号变更保留UID,换号不重新发额度；留变更记录；证据____,部分实现,未执行（本次独立验收）,IdentityModule.java；EngineContractTest.java；仅 SIM 合成身份，真实 bindWechat 返回503,合成换绑保留UID并撤销会话；真实手机号和member桥接未完成,验证UID和额度不变及变更审计，再完成真实身份桥接,116
CK-02-11,0.2,R-033 登录日志脱敏,无验证码、完整手机和token原文；证据____,部分实现,未执行（本次独立验收）,IdentityModule.java；EngineContractTest.java；仅 SIM 合成身份，真实 bindWechat 返回503,合成标识掩码及摘要代码存在；全链路日志脱敏扫描尚未恢复,扫描新产生的服务、代理和审计日志，验证不含原文凭证,116
CK-02-12,0.2,R-003 真机身份通路,使用批准AppID与白名单体验员验证绑定；交易仍模拟；PR-03/04/08、DEC-12-A、PR-09-A及最小体验授权证据先通过；证据____,延期 真机分支,未执行（本次独立验收）,IdentityModule.java；EngineContractTest.java；仅 SIM 合成身份，真实 bindWechat 返回503,真实微信绑定服务未配置；AppID、合法域名、隐私和体验授权签审未完成,本轮继续云端Mock；恢复微信分支时补齐0.2b前提，再测真机绑定和隔离,116
CK-02-13,0.2,R-003 Mock无真实外发,0.2a不持真实短信或微信密钥，合成身份不可自动转真实；证据____,部分实现,未执行（本次独立验收）,SimulationOnlyGuard.java；本次4项保护JUnit通过；发布包和网络仍待验,模拟关闭保护源码存在；发布产物和网络策略尚未重新验证,复验默认关闭、禁用路由及发布包，确认无真实资金能力,116
CK-02-14,0.2,R-033 真机前隐私与域名证据,0.2b所需PR-03/04/08、DEC-12-A、PR-09-A先签批，绝不跳过合法域名校验；证据____,延期 真机分支,未执行（本次独立验收）,IdentityModule.java；EngineContractTest.java；仅 SIM 合成身份，真实 bindWechat 返回503,真实微信绑定服务未配置；AppID、合法域名、隐私和体验授权签审未完成,本轮继续云端Mock；恢复微信分支时补齐0.2b前提，再测真机绑定和隔离,116
CK-02-15,0.2,R-042 真机延迟不阻断Mock分支,0.3至0.9可依赖0.2a；不得把0.2b待办标成完整0.2通过；证据____,部分完成,未执行（本次独立验收）,原文相关章节、DEC/PR表、附录A；未恢复有效签字或该项完成记录,已沿0.2a恢复0.3至0.9代码；完整0.2仍未验收,继续Mock开发，分别登记0.2a证据和0.2b前提，避免合并宣称通过,116
CK-02-16,0.2,R-004 真机绑定与Mock隔离,真机身份仅白名单，拒绝将Mock身份/历史权益自动迁入；证据____,延期 真机分支,未执行（本次独立验收）,IdentityModule.java；EngineContractTest.java；仅 SIM 合成身份，真实 bindWechat 返回503,真实微信绑定服务未配置；AppID、合法域名、隐私和体验授权签审未完成,本轮继续云端Mock；恢复微信分支时补齐0.2b前提，再测真机绑定和隔离,116
CK-03-01,0.3,R-007 入驻草稿,合成主体资料可保存，不误标真实认证；证据____,未完成 尚需实现,未执行（本次独立验收）,MerchantModule.java；商家申请、独立审核、门店、商品和暂停处理源码,检查点申请直接进入SUBMITTED；商家DRAFT标记不等于可编辑申请草稿；版本化补件未恢复,实现申请草稿保存、审核锁定、驳回补件及新版本流程，再逐步验收,117
CK-03-02,0.3,R-007 提交锁版本,审核中资料不可被偷偷改写；证据____,部分实现 待补核,未执行（本次独立验收）,MerchantModule.java；商家申请、独立审核、门店、商品和暂停处理源码,申请版本和审核处理源码存在；草稿修改、补件全流程未独立复验,逐步验证审核中锁版本、驳回理由及补件生成新版本,117
CK-03-03,0.3,R-008 独立审核,申请人不能审核自身申请；证据____,部分实现,未执行（本次独立验收）,MerchantModule.java；商家申请、独立审核、门店、商品和暂停处理源码,已恢复相关实现；缺端到端和规范数据库复验,重跑商家及跨店边界用例并存证,117
CK-03-04,0.3,R-008 驳回补件,理由可见，补件形成新版本；证据____,未完成 尚需实现,未执行（本次独立验收）,MerchantModule.java；商家申请、独立审核、门店、商品和暂停处理源码,检查点申请直接进入SUBMITTED；商家DRAFT标记不等于可编辑申请草稿；版本化补件未恢复,实现申请草稿保存、审核锁定、驳回补件及新版本流程，再逐步验收,117
CK-03-05,0.3,R-002 商家UID唯一,s+7位生成且不重复；证据____,部分实现,未执行（本次独立验收）,MerchantModule.java；商家申请、独立审核、门店、商品和暂停处理源码,s加7位生成源码存在；规范表唯一约束与并发持久化待验,在规范持久化落地后复验重复和并发生成,117
CK-03-06,0.3,R-009 门店归属,门店必须属于当前授权商家；证据____,部分实现,未执行（本次独立验收）,MerchantModule.java；商家申请、独立审核、门店、商品和暂停处理源码,已恢复相关实现；缺端到端和规范数据库复验,重跑商家及跨店边界用例并存证,117
CK-03-07,0.3,R-009 核销员边界,仅授权门店可操作；证据____,部分实现,未执行（本次独立验收）,SimContext.java、SimulationEngine.java；IndependentSecurityTest.java 的权限和会话用例源码,对象范围和默认拒绝源码存在；整套角色矩阵未独立验收,逐角色、跨用户、跨商家与跨店执行允许和拒绝用例,117
CK-03-08,0.3,R-010 商品套餐上下架,停用后不可建新订单，旧快照仍在；证据____,部分实现,未执行（本次独立验收）,MerchantModule.java；商家申请、独立审核、门店、商品和暂停处理源码,已恢复相关实现；缺端到端和规范数据库复验,重跑商家及跨店边界用例并存证,117
CK-03-09,0.3,R-010 金额校验,整数分且正数，客户端改价被拒绝；证据____,部分实现,未执行（本次独立验收）,MerchantModule.java；商家申请、独立审核、门店、商品和暂停处理源码,已恢复相关实现；缺端到端和规范数据库复验,重跑商家及跨店边界用例并存证,117
CK-03-10,0.3,R-010 商品快照,改价不改已创建订单快照；证据____,部分实现,未执行（本次独立验收）,MerchantModule.java；商家申请、独立审核、门店、商品和暂停处理源码,已恢复相关实现；缺端到端和规范数据库复验,重跑商家及跨店边界用例并存证,117
CK-03-11,0.3,R-006 跨店越权,改merchantId/storeId返回404或403一致策略；证据____,部分实现,未执行（本次独立验收）,SimContext.java、SimulationEngine.java；IndependentSecurityTest.java 的权限和会话用例源码,对象范围和默认拒绝源码存在；整套角色矩阵未独立验收,逐角色、跨用户、跨商家与跨店执行允许和拒绝用例,117
CK-03-12,0.3,R-009 商家暂停,禁止新增但保留历史查看和后续处理；证据____,部分实现,未执行（本次独立验收）,MerchantModule.java；商家申请、独立审核、门店、商品和暂停处理源码,已恢复相关实现；缺端到端和规范数据库复验,重跑商家及跨店边界用例并存证,117
CK-04-01,0.4,R-011 创建待确认订单,建单不增加应收或本金占用；证据____,部分实现,未执行（本次独立验收）,CommerceModule.java；CommerceFinanceInvariantTest.java；建单、凭证、额度、取消和履约源码,已恢复相关实现；规则仍是未签候选参数,取得规则签审并复验该项边界及并发,118
CK-04-02,0.4,R-011 单商家约束,一个订单不可混多个商家商品；证据____,部分实现,未执行（本次独立验收）,CommerceModule.java；CommerceFinanceInvariantTest.java；建单、凭证、额度、取消和履约源码,已恢复相关实现；规则仍是未签候选参数,取得规则签审并复验该项边界及并发,118
CK-04-03,0.4,R-012 二维码只含短凭证,无长期token/手机号；只由服务端生成；证据____,部分实现,未执行（本次独立验收）,模拟工作台源码；本次8项Vue/API测试及生产构建通过；14个后续Vue片段单独保留,模拟工作台与凭证代码存在；Vue页面与二维码展示仍需联调；小程序及真机展示延期,先完成Vue确认页面，逐项检查短凭证、模拟标识、金额、期限和协议,118
CK-04-04,0.4,R-012 凭证到期,到期返回明确失效且不能核销；证据____,部分实现,未执行（本次独立验收）,CommerceModule.java；CommerceFinanceInvariantTest.java；建单、凭证、额度、取消和履约源码,已恢复相关实现；规则仍是未签候选参数,取得规则签审并复验该项边界及并发,118
CK-04-05,0.4,R-013 确认页面,显示模拟标识、金额、商家、30天和协议版本；证据____,部分实现,未执行（本次独立验收）,模拟工作台源码；本次8项Vue/API测试及生产构建通过；14个后续Vue片段单独保留,模拟工作台与凭证代码存在；Vue页面与二维码展示仍需联调；小程序及真机展示延期,先完成Vue确认页面，逐项检查短凭证、模拟标识、金额、期限和协议,118
CK-04-06,0.4,R-013 逐笔主动确认,隐私勾选不视为订单确认；证据____,部分实现,未执行（本次独立验收）,CommerceModule.java；CommerceFinanceInvariantTest.java；建单、凭证、额度、取消和履约源码,已恢复相关实现；规则仍是未签候选参数,取得规则签审并复验该项边界及并发,118
CK-04-07,0.4,R-014 100元跨店共享,各店总预占+本金不超10000分；证据____,部分实现 候选规则,未执行（本次独立验收）,CommerceModule.java；CommerceFinanceInvariantTest.java；建单、凭证、额度、取消和履约源码,本次补修种子10000分总额、2000分单笔默认值并通过1项测试；仍未等于规则批准,补齐RV-SIM-001签审后复跑临界值、跨店共享和拒绝用例,118
CK-04-08,0.4,R-014 20元单笔,2001分拒绝且不占用；证据____,部分实现 候选规则,未执行（本次独立验收）,CommerceModule.java；CommerceFinanceInvariantTest.java；建单、凭证、额度、取消和履约源码,本次补修种子10000分总额、2000分单笔默认值并通过1项测试；仍未等于规则批准,补齐RV-SIM-001签审后复跑临界值、跨店共享和拒绝用例,118
CK-04-09,0.4,R-014 并发确认,多个商家竞争剩余额度，仅允许合法总额；证据____,部分实现,未执行（本次独立验收）,simultaneousConfirmationsCannotOverspendSharedQuota测试；本次已运行通过，属单元或内存场景证据；HTTP和数据库验收未完成,有并发额度用例源码；历史67断言记录未恢复，数据库并发需重测,用当前代码在真实MySQL执行多店竞争并核对额度守恒,118
CK-04-10,0.4,R-012 凭证重放,不同幂等键重放同凭证也不新增交易；证据____,部分实现,未执行（本次独立验收）,CommerceModule.java；CommerceFinanceInvariantTest.java；建单、凭证、额度、取消和履约源码,已恢复相关实现；规则仍是未签候选参数,取得规则签审并复验该项边界及并发,118
CK-04-11,0.4,R-015 取消释放,同取消请求只释放一次；证据____,部分实现,未执行（本次独立验收）,quotaExpiryAndCancellation场景；本次已运行通过，属单元或内存场景证据；HTTP和数据库验收未完成,已恢复相关实现；规则仍是未签候选参数,取得规则签审并复验该项边界及并发,118
CK-04-12,0.4,R-015 过期任务,超时扫描与用户取消并发不多释放；证据____,部分实现,未执行（本次独立验收）,CommerceModule.java；CommerceFinanceInvariantTest.java；建单、凭证、额度、取消和履约源码,已恢复相关实现；规则仍是未签候选参数,取得规则签审并复验该项边界及并发,118
CK-04-13,0.4,R-013 价格版本变化,旧确认被拒，必须重新展示；证据____,部分实现,未执行（本次独立验收）,CommerceModule.java；CommerceFinanceInvariantTest.java；建单、凭证、额度、取消和履约源码,已恢复相关实现；规则仍是未签候选参数,取得规则签审并复验该项边界及并发,118
CK-04-14,0.4,R-038 幂等内容冲突,同键不同请求409，不生成第二条；证据____,部分实现,未执行（本次独立验收）,idempotencyCanonicalBodyReplayAndConflict测试；本次已运行通过，属单元或内存场景证据；HTTP和数据库验收未完成,幂等代码和用例存在；当前故障恢复、重启及持久化复验缺失,复验同键同内容、同键异内容、断线重试与重启后取原单,118
CK-04-15,0.4,R-042 模拟规则入口证据,DEC-11、DEC-13及RV-SIM-001签审齐全；缺一则正式联调受阻；证据____,未完成 人工前提,未执行（本次独立验收）,原文相关章节、DEC/PR表、附录A；未恢复有效签字或该项完成记录,缺对应批准、签署、责任人或实际参与记录；源码不能代签,由实际责任人完成原文所列签审或体验步骤，留存批准与验收证据,118
CK-04-16,0.4,R-038 状态与HTTP契约对照,FULFILLED单一拼写；SM-02/SM-18标题、路径和操作ID与YAML一致；证据____,部分完成,未执行（本次独立验收）,本次契约静态40/40通过，含openapi-spec-validator 0.7.2完整规范校验；报告qa/static_validation.json,静态验证已通过；完整业务HTTP、规范DDL及逐条CK验收未完成,固定校验产物并补运行接口和实际迁移版本比对,118
CK-05-01,0.5,R-016 有效核销,有效预占由授权核销员履约；证据____,部分实现,未执行（本次独立验收）,lifecycleAndDuplicateEvents场景；本次已运行通过，属单元或内存场景证据；HTTP和数据库验收未完成,履约及过期保护源码存在；端到端及数据库不变量待复验,重跑授权、过期、重复核销并核对唯一应收,119
CK-05-02,0.5,R-016 核销原子性,应收/分录/额度任一失败全部回滚；证据____,部分实现,未执行（本次独立验收）,JdbcSimStore.java；本次新增assertAppendOnly与3项测试通过；仍为5张sim_v1表，规范38表未落地,聚合事务和投影实现存在；规范表原子性与失败注入证据缺失,逐点注入应收、分录、额度失败，验证真实数据库全部回滚,119
CK-05-03,0.5,R-016 重复核销,一个订单只有一个履约和一个应收；证据____,部分实现,未执行（本次独立验收）,lifecycleAndDuplicateEvents场景；本次已运行通过，属单元或内存场景证据；HTTP和数据库验收未完成,履约及过期保护源码存在；端到端及数据库不变量待复验,重跑授权、过期、重复核销并核对唯一应收,119
CK-05-04,0.5,R-015 过期后拒绝履约,旧核销凭证不能消费；证据____,部分实现,未执行（本次独立验收）,CommerceModule.java；CommerceFinanceInvariantTest.java；建单、凭证、额度、取消和履约源码,履约及过期保护源码存在；端到端及数据库不变量待复验,重跑授权、过期、重复核销并核对唯一应收,119
CK-05-05,0.5,R-017 应收期限,履约时点起算30天、UTC储存上海时区展示；证据____,部分实现 候选规则,未执行（本次独立验收）,CommerceModule.java；CommerceFinanceInvariantTest.java；建单、凭证、额度、取消和履约源码,30天期限属于候选规则；UTC与上海时区展示需端到端复验,批准期限后测试履约起算、跨日及UTC到上海展示,119
CK-05-06,0.5,R-017 部分/结清/逾期分离,逾期是派生维度不是替换收款状态；证据____,部分实现,未执行（本次独立验收）,FinanceModule.java；CommerceFinanceInvariantTest.java；还款、退款、异议、调整源码,规范38表、数据库约束和独立验收未完成,落地持久化后重跑账务及回滚用例,119
CK-05-07,0.5,R-018 借贷平衡,每批借贷之和相等且币种一致；证据____,部分实现,未执行（本次独立验收）,商贸账务场景逐批借贷平衡断言；本次已运行通过，属单元或内存场景证据；HTTP和数据库验收未完成,规范38表、数据库约束和独立验收未完成,落地持久化后重跑账务及回滚用例,119
CK-05-08,0.5,R-018 账本不可覆盖,普通接口无update/delete分录入口；证据____,部分实现,未执行（本次独立验收）,JdbcSimStore.java；本次新增assertAppendOnly与3项测试通过；仍为5张sim_v1表，规范38表未落地,本次新增聚合assertAppendOnly及3项测试通过；数据库直接UPDATE/DELETE拒绝仍未验收,落实数据库权限与不可变保护，执行直接SQL和回填反例,119
CK-05-09,0.5,R-018 余额重建,按事件重算等于投影余额；证据____,部分实现,未执行（本次独立验收）,ReconciliationModule.java；verification/tests/ReconciliationModuleScenarios.java；对账和业务日源码,projectionProblems等重建校验源码存在；恢复后全库对照日志缺失,恢复并按原始事件重建余额，与投影和持久化记录逐项核对,119
CK-05-10,0.5,R-031 规则发布审批,申请与批准分离；证据____,部分实现,未执行（本次独立验收）,ruleVersionsKeepSnapshots场景；本次已运行通过，属单元或内存场景证据；HTTP和数据库验收未完成,独立规则审批与快照源码存在；规则签审不因代码存在而完成,重跑独立审批和历史快照不变，并关联规则批准记录,119
CK-05-11,0.5,R-031 历史快照不变,新期限版本不影响历史订单；证据____,部分实现,未执行（本次独立验收）,ruleVersionsKeepSnapshots场景；本次已运行通过，属单元或内存场景证据；HTTP和数据库验收未完成,独立规则审批与快照源码存在；规则签审不因代码存在而完成,重跑独立审批和历史快照不变，并关联规则批准记录,119
CK-05-12,0.5,R-040 无平台真实资产确认,导出标SIMULATED，不能作为法定会计凭证；证据____,部分实现,未执行（本次独立验收）,ReconciliationModule.java；verification/tests/ReconciliationModuleScenarios.java；对账和业务日源码,模拟标记和导出实现存在；导出成品和用途限制尚未重验,检查实际导出SIMULATED标识及不作为法定凭证的声明,119
CK-05-13,0.5,R-041 业务日关闭职责与快照,到截止后才申请；独立批准、差异检查、水位与报告hash完整；证据____,部分实现,未执行（本次独立验收）,ReconciliationModule.java；verification/tests/ReconciliationModuleScenarios.java；对账和业务日源码,关账、复核重开和报告修订源码存在；真实MySQL锁序及中断恢复证据缺失,复验独立审批、截止、水位、旧hash保留和并发故障恢复,119
CK-05-14,0.5,R-041 关闭与入账并发,同账簿固定锁序；关账不漏计已提交批次，不允许写关闭日；证据____,部分实现,未执行（本次独立验收）,ReconciliationModule.java；verification/tests/ReconciliationModuleScenarios.java；对账和业务日源码,关账、复核重开和报告修订源码存在；真实MySQL锁序及中断恢复证据缺失,复验独立审批、截止、水位、旧hash保留和并发故障恢复,119
CK-05-15,0.5,R-041 已关闭日不可直接改账,直接UPDATE/DELETE和回填posting_date拒绝；所有更正追加；证据____,部分实现,未执行（本次独立验收）,JdbcSimStore.java；本次新增assertAppendOnly与3项测试通过；仍为5张sim_v1表，规范38表未落地,本次新增聚合assertAppendOnly及3项测试通过；数据库直接UPDATE/DELETE拒绝仍未验收,落实数据库权限与不可变保护，执行直接SQL和回填反例,119
CK-05-16,0.5,R-041 复核性重开,自审拒绝、过期请求拒绝；重开仅报告复核，原分录不变；证据____,部分实现,未执行（本次独立验收）,ReconciliationModule.java；verification/tests/ReconciliationModuleScenarios.java；对账和业务日源码,关账、复核重开和报告修订源码存在；真实MySQL锁序及中断恢复证据缺失,复验独立审批、截止、水位、旧hash保留和并发故障恢复,119
CK-05-17,0.5,R-026 审核CHECK真值与身份,maker10/checker20和反向均可；同人和批准态NULL拒绝，真实MySQL反例需执行；证据____,未完成 规范数据库,未执行（本次独立验收）,JdbcSimStore.java；本次新增assertAppendOnly与3项测试通过；仍为5张sim_v1表，规范38表未落地,候选SQL CHECK与服务身份校验存在；规范38表未落地；历史MySQL日志未恢复,在实际迁移表运行10/20、20/10、同人、NULL及批准态反例,119
CK-06-01,0.6,R-019 部分还款,20元还8元，余12元且恢复8元额度；证据____,部分实现,未执行（本次独立验收）,repaymentAllocation场景；本次已运行通过，属单元或内存场景证据；HTTP和数据库验收未完成,已恢复相关实现；当前HTTP和数据库尚未重新验证,重跑回调、分配及故障补偿并保存原始日志,120
CK-06-02,0.6,R-019 全额结清,本金归零且不出现负应收；证据____,部分实现,未执行（本次独立验收）,repaymentAllocation场景；本次已运行通过，属单元或内存场景证据；HTTP和数据库验收未完成,已恢复相关实现；当前HTTP和数据库尚未重新验证,重跑回调、分配及故障补偿并保存原始日志,120
CK-06-03,0.6,R-020 分配顺序,同商家按dueAt再ID稳定排序；证据____,部分实现,未执行（本次独立验收）,FinanceModule.java；CommerceFinanceInvariantTest.java；还款、退款、异议、调整源码,已恢复相关实现；当前HTTP和数据库尚未重新验证,重跑回调、分配及故障补偿并保存原始日志,120
CK-06-04,0.6,R-020 禁止跨收款主体混还,跨商家请求拒绝并提示分开；证据____,部分实现,未执行（本次独立验收）,FinanceModule.java；CommerceFinanceInvariantTest.java；还款、退款、异议、调整源码,已恢复相关实现；当前HTTP和数据库尚未重新验证,重跑回调、分配及故障补偿并保存原始日志,120
CK-06-05,0.6,R-021 线下凭证,模拟登记记录方式、时间、关联应收；证据____,部分实现,未执行（本次独立验收）,FinanceModule.java；CommerceFinanceInvariantTest.java；还款、退款、异议、调整源码,已恢复相关实现；当前HTTP和数据库尚未重新验证,重跑回调、分配及故障补偿并保存原始日志,120
CK-06-06,0.6,R-021 登记不核销,待确认不释放额度；证据____,部分实现,未执行（本次独立验收）,FinanceModule.java；CommerceFinanceInvariantTest.java；还款、退款、异议、调整源码,已恢复相关实现；当前HTTP和数据库尚未重新验证,重跑回调、分配及故障补偿并保存原始日志,120
CK-06-07,0.6,R-021 双人确认,登记人不能自批；用户或独立复核；证据____,部分实现,未执行（本次独立验收）,offlineIndependentReview场景；本次已运行通过，属单元或内存场景证据；HTTP和数据库验收未完成,已恢复相关实现；当前HTTP和数据库尚未重新验证,重跑回调、分配及故障补偿并保存原始日志,120
CK-06-08,0.6,R-022 Mock验签,改正文/时间/nonce签名失败；证据____,部分实现,未执行（本次独立验收）,signedCallbacksBindRawBytesTimeNonceAndBusinessEventSeparately测试；本次已运行通过，属单元或内存场景证据；HTTP和数据库验收未完成,原始正文HMAC及重放测试源码存在；当前HTTP原始字节测试未恢复,按LF和原始UTF8验证正文、时间、nonce、事件键的独立拒绝,120
CK-06-09,0.6,R-022 重复通知,重复事件只核销一次；证据____,部分实现,未执行（本次独立验收）,lifecycleAndDuplicateEvents场景；本次已运行通过，属单元或内存场景证据；HTTP和数据库验收未完成,已恢复相关实现；当前HTTP和数据库尚未重新验证,重跑回调、分配及故障补偿并保存原始日志,120
CK-06-10,0.6,R-022 迟到成功,已关闭本地单收到成功不丢弃，入差异/待分配；证据____,部分实现,未执行（本次独立验收）,lateSuccessAndReallocation场景；本次已运行通过，属单元或内存场景证据；HTTP和数据库验收未完成,已恢复相关实现；当前HTTP和数据库尚未重新验证,重跑回调、分配及故障补偿并保存原始日志,120
CK-06-11,0.6,R-022 主动查单补偿,通知丢失仍可由模拟查询核对；证据____,部分实现,未执行（本次独立验收）,lostNotificationRecoveredByQuery场景；本次已运行通过，属单元或内存场景证据；HTTP和数据库验收未完成,已恢复相关实现；当前HTTP和数据库尚未重新验证,重跑回调、分配及故障补偿并保存原始日志,120
CK-06-12,0.6,R-020 多收金额,超额部分形成应退记录不重复恢复额度；证据____,部分实现,未执行（本次独立验收）,FinanceModule.java；CommerceFinanceInvariantTest.java；还款、退款、异议、调整源码,已恢复相关实现；当前HTTP和数据库尚未重新验证,重跑回调、分配及故障补偿并保存原始日志,120
CK-06-13,0.6,R-019 故障重试,服务断开后同幂等键可取原单；证据____,部分实现,未执行（本次独立验收）,SimulationEngine.java、SimulationApiFilter.java、ContractCatalog.java；api_operations.json、openapi.json,幂等代码和用例存在；当前故障恢复、重启及持久化复验缺失,复验同键同内容、同键异内容、断线重试与重启后取原单,120
CK-06-14,0.6,R-018 收款分录,模拟外部收款借方=应收核销+未分配贷方；证据____,部分实现,未执行（本次独立验收）,FinanceModule.java；CommerceFinanceInvariantTest.java；还款、退款、异议、调整源码,已恢复相关实现；当前HTTP和数据库尚未重新验证,重跑回调、分配及故障补偿并保存原始日志,120
CK-06-15,0.6,R-041 跨日迟到资金事件,原业务日保留，当前入账日追加；inbox幂等且不重复释放额度；证据____,部分实现,未执行（本次独立验收）,FinanceModule.java；CommerceFinanceInvariantTest.java；还款、退款、异议、调整源码,跨日inbox与追加入账逻辑存在；当前关账并发和重复释放测试待补,模拟关闭日迟到事件，核对原业务日、当前入账日和一次性额度恢复,120
CK-06-16,0.6,R-022 HMAC字节与重放,LF字节0A，原始UTF8正文不重排；签名/时间/nonce/事件键均验证；证据____,部分实现,未执行（本次独立验收）,signedCallbacksBindRawBytesTimeNonceAndBusinessEventSeparately测试；本次已运行通过，属单元或内存场景证据；HTTP和数据库验收未完成,原始正文HMAC及重放测试源码存在；当前HTTP原始字节测试未恢复,按LF和原始UTF8验证正文、时间、nonce、事件键的独立拒绝,120
CK-07-01,0.7,R-023 未还退款,退款先冲未还本金；证据____,部分实现,未执行（本次独立验收）,FinanceModule.java；CommerceFinanceInvariantTest.java；还款、退款、异议、调整源码,已恢复相关实现；完整端到端及数据库复验缺失,重跑金额守恒、独立复核和重复事件用例,121
CK-07-02,0.7,R-023 还后部分退款,20还8退6，余6元；证据____,部分实现,未执行（本次独立验收）,FinanceModule.java；CommerceFinanceInvariantTest.java；还款、退款、异议、调整源码,已恢复相关实现；完整端到端及数据库复验缺失,重跑金额守恒、独立复核和重复事件用例,121
CK-07-03,0.7,R-023 超未还退款,20还8退15，余0且应退3元；证据____,部分实现,未执行（本次独立验收）,FinanceModule.java；CommerceFinanceInvariantTest.java；还款、退款、异议、调整源码,已恢复相关实现；完整端到端及数据库复验缺失,重跑金额守恒、独立复核和重复事件用例,121
CK-07-04,0.7,R-023 退货上限,累计退货额不可超过原可退总额；证据____,部分实现,未执行（本次独立验收）,FinanceModule.java；CommerceFinanceInvariantTest.java；还款、退款、异议、调整源码,已恢复相关实现；完整端到端及数据库复验缺失,重跑金额守恒、独立复核和重复事件用例,121
CK-07-05,0.7,R-024 还退并发,金额守恒且不超退；证据____,部分实现,未执行（本次独立验收）,FinanceModule.java；CommerceFinanceInvariantTest.java；还款、退款、异议、调整源码,已恢复相关实现；完整端到端及数据库复验缺失,重跑金额守恒、独立复核和重复事件用例,121
CK-07-06,0.7,R-024 退款重试,退款成功回调多次只记一次；证据____,部分实现,未执行（本次独立验收）,refundFailureAndRetry场景；本次已运行通过，属单元或内存场景证据；HTTP和数据库验收未完成,已恢复相关实现；完整端到端及数据库复验缺失,重跑金额守恒、独立复核和重复事件用例,121
CK-07-07,0.7,R-024 退款失败,应退负债保留，不伪记资金已退；证据____,部分实现,未执行（本次独立验收）,refundFailureAndRetry场景；本次已运行通过，属单元或内存场景证据；HTTP和数据库验收未完成,已恢复相关实现；完整端到端及数据库复验缺失,重跑金额守恒、独立复核和重复事件用例,121
CK-07-08,0.7,R-025 用户提异议,本人的单据可提交，不可替别人提交；证据____,部分实现,未执行（本次独立验收）,FinanceModule.java；CommerceFinanceInvariantTest.java；还款、退款、异议、调整源码,已恢复相关实现；完整端到端及数据库复验缺失,重跑金额守恒、独立复核和重复事件用例,121
CK-07-09,0.7,R-025 异议处理,理由、证据、复核和结论可追踪；证据____,部分实现,未执行（本次独立验收）,FinanceModule.java；CommerceFinanceInvariantTest.java；还款、退款、异议、调整源码,已恢复相关实现；完整端到端及数据库复验缺失,重跑金额守恒、独立复核和重复事件用例,121
CK-07-10,0.7,R-026 更正申请,必须关联原始事件和影响明细；证据____,部分实现,未执行（本次独立验收）,FinanceModule.java；CommerceFinanceInvariantTest.java；还款、退款、异议、调整源码,已恢复相关实现；完整端到端及数据库复验缺失,重跑金额守恒、独立复核和重复事件用例,121
CK-07-11,0.7,R-026 独立复核,发起人不能批准自身更正；证据____,部分实现,未执行（本次独立验收）,adjustmentsAreIndependentAndAppendOnly场景；本次已运行通过，属单元或内存场景证据；HTTP和数据库验收未完成,已恢复相关实现；完整端到端及数据库复验缺失,重跑金额守恒、独立复核和重复事件用例,121
CK-07-12,0.7,R-026 更正分录,原记录保留，生成冲回/调整记录；证据____,部分实现,未执行（本次独立验收）,adjustmentsAreIndependentAndAppendOnly场景；本次已运行通过，属单元或内存场景证据；HTTP和数据库验收未完成,已恢复相关实现；完整端到端及数据库复验缺失,重跑金额守恒、独立复核和重复事件用例,121
CK-07-13,0.7,R-026 禁止直接加债,上调金额必须用户确认新交易；证据____,部分实现,未执行（本次独立验收）,FinanceModule.java；CommerceFinanceInvariantTest.java；还款、退款、异议、调整源码,已恢复相关实现；完整端到端及数据库复验缺失,重跑金额守恒、独立复核和重复事件用例,121
CK-07-14,0.7,R-024 额度复算,退款后再还款不会双重释放本金；证据____,部分实现,未执行（本次独立验收）,FinanceModule.java；CommerceFinanceInvariantTest.java；还款、退款、异议、调整源码,已恢复相关实现；完整端到端及数据库复验缺失,重跑金额守恒、独立复核和重复事件用例,121
CK-08-01,0.8,R-027 对账文件校验,表头、摘要、行数、金额、环境校验；证据____,部分实现,未执行（本次独立验收）,testCsvAndDuplicateImport场景；本次已运行通过，属单元或内存场景证据；HTTP和数据库验收未完成,已恢复相关实现；缺该项独立验收记录,重跑文件、审批、权限和审计链并保存证据,122
CK-08-02,0.8,R-027 重复导入,同hash重复文件不重复记账；证据____,部分实现,未执行（本次独立验收）,testCsvAndDuplicateImport场景；本次已运行通过，属单元或内存场景证据；HTTP和数据库验收未完成,已恢复相关实现；缺该项独立验收记录,重跑文件、审批、权限和审计链并保存证据,122
CK-08-03,0.8,R-027 四类核对,订单应收/额度/借贷/模拟渠道均出结果；证据____,部分实现,未执行（本次独立验收）,testFourWayDifferences场景；本次已运行通过，属单元或内存场景证据；HTTP和数据库验收未完成,已恢复相关实现；缺该项独立验收记录,重跑文件、审批、权限和审计链并保存证据,122
CK-08-04,0.8,R-028 差异分类,单边、金额、重复、时序、主体错误分开；证据____,部分实现,未执行（本次独立验收）,ReconciliationModule.java；verification/tests/ReconciliationModuleScenarios.java；对账和业务日源码,已恢复相关实现；缺该项独立验收记录,重跑文件、审批、权限和审计链并保存证据,122
CK-08-05,0.8,R-028 差异分派,严重度、责任、截止、升级可追踪；证据____,部分实现 候选SLA,未执行（本次独立验收）,ReconciliationModule.java；verification/tests/ReconciliationModuleScenarios.java；对账和业务日源码,差异期限代码含候选经过时长策略；正式工作日历与升级机制未批准,明确责任人、日历、SLA及升级规则后验证追踪与到期升级,122
CK-08-06,0.8,R-028 差异独立关闭,复核后关闭且附证据，不改原文件；证据____,部分实现,未执行（本次独立验收）,ReconciliationModule.java；verification/tests/ReconciliationModuleScenarios.java；对账和业务日源码,已恢复相关实现；缺该项独立验收记录,重跑文件、审批、权限和审计链并保存证据,122
CK-08-07,0.8,R-029 本商家分页查询,游标/排序稳定，无跨店结果；证据____,部分实现,未执行（本次独立验收）,paginationBindsActorFiltersGrantVersionAndExpiry测试；本次已运行通过，属单元或内存场景证据；HTTP和数据库验收未完成,分页游标绑定范围的用例源码存在；真实数据库数据变化场景待复验,验证分页稳定性、授权变更、过期和跨店过滤,122
CK-08-08,0.8,R-030 导出审批,范围、用途、条数受控；证据____,部分实现,未执行（本次独立验收）,ReconciliationModule.java；verification/tests/ReconciliationModuleScenarios.java；对账和业务日源码,已恢复相关实现；缺该项独立验收记录,重跑文件、审批、权限和审计链并保存证据,122
CK-08-09,0.8,R-030 下载水印审计,下载链接到期，水印含领取者和任务号；证据____,部分实现,未执行（本次独立验收）,ReconciliationModule.java；verification/tests/ReconciliationModuleScenarios.java；对账和业务日源码,已恢复相关实现；缺该项独立验收记录,重跑文件、审批、权限和审计链并保存证据,122
CK-08-10,0.8,R-032 站内通知去重,同事件同用户同模板只一条；证据____,部分实现,未执行（本次独立验收）,ReconciliationModule.java；verification/tests/ReconciliationModuleScenarios.java；对账和业务日源码,已恢复相关实现；缺该项独立验收记录,重跑文件、审批、权限和审计链并保存证据,122
CK-08-11,0.8,R-032 失败补偿,通知失败不回滚交易；重试与死信可见；证据____,未完成 尚需实现,未执行（本次独立验收）,ReconciliationModule.java；verification/tests/ReconciliationModuleScenarios.java；对账和业务日源码,SimContext.notify直接创建站内通知；独立持久化投递outbox、重试和死信服务未恢复,补实现事务outbox、独立投递、重试上限及死信，注入故障验证不回滚交易,122
CK-08-12,0.8,R-034 审计链完整,入口、审批、事件、导出可用requestId串联；证据____,部分实现,未执行（本次独立验收）,ReconciliationModule.java；verification/tests/ReconciliationModuleScenarios.java；对账和业务日源码,已恢复相关实现；缺该项独立验收记录,重跑文件、审批、权限和审计链并保存证据,122
CK-08-13,0.8,R-041 重关与差异关联,重出报告revision+1并保留旧hash；差异通过独立调整单关闭；证据____,部分实现,未执行（本次独立验收）,ReconciliationModule.java；verification/tests/ReconciliationModuleScenarios.java；对账和业务日源码,关账、复核重开和报告修订源码存在；真实MySQL锁序及中断恢复证据缺失,复验独立审批、截止、水位、旧hash保留和并发故障恢复,122
CK-08-14,0.8,R-042 审批状态不冒充验收,未执行/待验收/通过/失败/N-A含依据；必需项不能无理由N-A；证据____,部分完成,未执行（本次独立验收）,原始DOCX及技术包可读；本补充逐项对照原文150项，保留原始结构和媒体,本补充区分代码、历史报告和正式验收；150项当前不能认定通过,逐条建立证据、验收人和执行时间；必需项不作无依据不适用,122
CK-09-01,0.9,R-033 个人信息影响评估,真实体验账户处理清单与影响评估审阅；证据____,未完成 人工前提,未执行（本次独立验收）,原文相关章节、DEC/PR表、附录A；未恢复有效签字或该项完成记录,缺对应批准、签署、责任人或实际参与记录；源码不能代签,由实际责任人完成原文所列签审或体验步骤，留存批准与验收证据,123
CK-09-02,0.9,R-033 拒绝非必要权限,拒绝位置/人脸不阻断模拟闭环；证据____,部分实现,未执行（本次独立验收）,模拟工作台源码；本次8项Vue/API测试及生产构建通过；14个后续Vue片段单独保留,模拟工作台不依赖真实定位或人脸；目标真机权限拒绝流程待验,在批准的体验小程序拒绝非必要权限并完成模拟主路径,123
CK-09-03,0.9,R-034 威胁模型,覆盖越权、重放、注入、凭证外泄；证据____,部分完成,未执行（本次独立验收）,SimContext.java、SimulationEngine.java；IndependentSecurityTest.java 的权限和会话用例源码,有安全反例用例源码；完整威胁模型与风险闭环资料未恢复,完成越权、重放、注入和泄漏模型，关联代码、测试和剩余风险,123
CK-09-04,0.9,R-034 密钥轮换,新旧验证窗口和撤销演练通过；证据____,部分实现,未执行（本次独立验收）,SimulationEngine.java、SimulationApiFilter.java、ContractCatalog.java；api_operations.json、openapi.json,MockKeyRegistry.java源码存在；历史轮换/撤销运行记录未恢复,仅对模拟密钥复验新旧窗口、撤销和重放边界并保存日志,123
CK-09-05,0.9,R-034 敏感数据扫描,代码、日志、文件无真实证件和测试密钥外泄；证据____,部分完成,未执行（本次独立验收）,原始文档、技术包、三端上游基线归档和锁定资料可读；私有仓库恢复检查点提交 aef61e6eacc17762b91600871baa87066181ebb7，非完整1.0,脱敏基线和源码可检查；完整代码、日志及文件扫描结果未恢复,对本次交付包及新日志执行敏感数据扫描，记录范围和排除项,123
CK-09-06,0.9,R-035 每日备份多版本,备份完整性及轮换记录可查；证据____,未完成,未执行（本次独立验收）,runtime-phase/runtime-smoke.json；05时02分MySQL、Redis、Spring和Vue健康通过；脚本仍依赖云目录,历史恢复演练不等于每日多版本备份；本次过夜未保留最终源码和日志,建立备份轮换及异地检查，保存成功、失败和完整性记录,123
CK-09-07,0.9,R-035 恢复演练,恢复后分录/余额/文件引用核对；证据____,未完成 待重新演练,未执行（本次独立验收）,10月2日进展消息曾报告相关测试；当前未恢复原始日志与对应最终源码，不能作本次通过证据,曾报告53表6745行恢复；备份SQL与原始证据现不可用,重新备份和恢复隔离库，核对分录、余额、文件引用及版本,123
CK-09-08,0.9,R-035 禁止外部重放,恢复不自动触发未知资金请求；证据____,部分实现,未执行（本次独立验收）,SimulationOnlyGuard.java；本次4项保护JUnit通过；发布包和网络仍待验,模拟边界代码存在；恢复后禁止未知外部重放尚未重验,恢复后检查outbox和回调状态，证明不会自动发出真实资金请求,123
CK-09-09,0.9,R-036 1万合成用户起测,记录硬件、数据、并发、延迟及失败率；证据____,未完成 性能验收,未执行（本次独立验收）,原文相关章节、DEC/PR表、附录A；未恢复有效签字或该项完成记录,规定的1万用户10万订单、100会话及30成功写每秒10分钟证据未形成,按附录性能方案生成可复算数据，执行负载并报告P95/P99、429、失败率和资源瓶颈,123
CK-09-10,0.9,R-036 并发一致性,容量不足等正常拒绝独立统计，无超额；证据____,部分实现,未执行（本次独立验收）,SimContext.java、SimulationEngine.java；IndependentSecurityTest.java 的权限和会话用例源码,并发合成用例源码存在；不等于规定规模、真实MySQL吞吐验收,执行指定规模并发，单列正常拒绝与失败并核对金额守恒,123
CK-09-11,0.9,R-037 重置隔离,生产保护命中，模拟重置有双人批准；证据____,部分实现 待补齐,未执行（本次独立验收）,SimulationOnlyGuard.java；本次4项保护JUnit通过；发布包和网络仍待验,模拟环境保护源码存在；双人批准重置流程与完整演练未验收,完成双人批准、生产拒绝和可审计的模拟重置演练,123
CK-09-12,0.9,R-040 关闭路径安全测试,真实支付/保证金/计息/征信无可用路由；证据____,部分实现,未执行（本次独立验收）,SimulationOnlyGuard.java；本次4项保护JUnit通过；发布包和网络仍待验,模拟关闭保护源码存在；发布产物和网络策略尚未重新验证,复验默认关闭、禁用路由及发布包，确认无真实资金能力,123
CK-09-13,0.9,R-036 可复算数据生成,10000合成用户/100000订单/关联记录生成清单、seed、hash和一致性检查可复算；证据____,未完成 性能验收,未执行（本次独立验收）,原文相关章节、DEC/PR表、附录A；未恢复有效签字或该项完成记录,规定的1万用户10万订单、100会话及30成功写每秒10分钟证据未形成,按附录性能方案生成可复算数据，执行负载并报告P95/P99、429、失败率和资源瓶颈,123
CK-09-14,0.9,R-036 读写负载与真实业务吞吐,100虚拟会话与30写每秒10分钟分开计量；覆盖确认/入账热路径而非只写草稿；证据____,未完成 性能验收,未执行（本次独立验收）,原文相关章节、DEC/PR表、附录A；未恢复有效签字或该项完成记录,规定的1万用户10万订单、100会话及30成功写每秒10分钟证据未形成,按附录性能方案生成可复算数据，执行负载并报告P95/P99、429、失败率和资源瓶颈,123
CK-09-15,0.9,R-036 429与失败分母,基准429不能算成功；故意超限负例单列，禁止混入可用吞吐；证据____,未完成 性能验收,未执行（本次独立验收）,原文相关章节、DEC/PR表、附录A；未恢复有效签字或该项完成记录,规定的1万用户10万订单、100会话及30成功写每秒10分钟证据未形成,按附录性能方案生成可复算数据，执行负载并报告P95/P99、429、失败率和资源瓶颈,123
CK-09-16,0.9,R-036 瓶颈与环境证据,P95/P99、成功写每秒、拒绝分类、CPU/内存/锁/慢SQL、测量区间齐全；证据____,未完成 性能验收,未执行（本次独立验收）,原文相关章节、DEC/PR表、附录A；未恢复有效签字或该项完成记录,规定的1万用户10万订单、100会话及30成功写每秒10分钟证据未形成,按附录性能方案生成可复算数据，执行负载并报告P95/P99、429、失败率和资源瓶颈,123
CK-09-17,0.9,R-038 构建期多源一致性,YAML生成JSON/DDL/状态/目录；需求、接口、CK编号与追溯全部检查；证据____,部分完成,未执行（本次独立验收）,本次契约静态40/40通过，含openapi-spec-validator 0.7.2完整规范校验；报告qa/static_validation.json,静态验证已通过；完整业务HTTP、规范DDL及逐条CK验收未完成,固定校验产物并补运行接口和实际迁移版本比对,123
CK-10-01,1.0,R-039 累计验收复核,原124项及追加26项共150项均有相应证据，前序关键回归重新执行；证据____,未完成,未执行（本次独立验收）,原始DOCX及技术包可读；本补充逐项对照原文150项，保留原始结构和媒体,150项尚未逐项获得独立验收通过证据；历史测试计数不是CK通过数,逐项归档证据并重跑前序关键回归，再开展累计验收,124
CK-10-02,1.0,R-039 业务主路径演示,注册到对账更正完整录屏；证据____,未完成,未执行（本次独立验收）,模拟工作台源码；本次8项Vue/API测试及生产构建通过；14个后续Vue片段单独保留,相关业务源码可恢复；浏览器曾受ERR_BLOCKED_BY_CLIENT阻挡；无完整录屏,先完成Spring Boot与Vue云端联调和录屏，微信演示保留延期,124
CK-10-03,1.0,R-039 异常路径演示,超时、重复、迟到、还退并发均有记录；证据____,未完成,未执行（本次独立验收）,模拟工作台源码；本次8项Vue/API测试及生产构建通过；14个后续Vue片段单独保留,相关业务源码可恢复；浏览器曾受ERR_BLOCKED_BY_CLIENT阻挡；无完整录屏,先完成Spring Boot与Vue云端联调和录屏，微信演示保留延期,124
CK-10-04,1.0,R-006 权限矩阵验收,消费者/老板/店员/审核/账务/运维分权；证据____,部分实现,未执行（本次独立验收）,SimContext.java、SimulationEngine.java；IndependentSecurityTest.java 的权限和会话用例源码,对象范围和默认拒绝源码存在；整套角色矩阵未独立验收,逐角色、跨用户、跨商家与跨店执行允许和拒绝用例,124
CK-10-05,1.0,R-038 契约与实现比对,运行接口与OpenAPI和DDL迁移版本一致；证据____,未完成,未执行（本次独立验收）,SimulationEngine.java、SimulationApiFilter.java、ContractCatalog.java；api_operations.json、openapi.json,接口契约在；规范DDL、member身份桥接、最终运行接口一致性未完成,固定当前运行版本，对比全部操作、响应及实际迁移DDL,124
CK-10-06,1.0,R-039 代码和许可交付,固定提交、SBOM、变更清单、许可证随包；证据____,部分完成,未执行（本次独立验收）,原始文档、技术包、三端上游基线归档和锁定资料可读；私有仓库恢复检查点提交 aef61e6eacc17762b91600871baa87066181ebb7，非完整1.0,上游许可文件可恢复；完整SBOM、未决许可表及业务发布清单未交付,生成依赖和许可清单，固定业务提交并随交付包保存,124
CK-10-07,1.0,R-039 部署回滚交付,洁净启动、配置样例、回滚与恢复手册；证据____,未完成,未执行（本次独立验收）,runtime-phase/runtime-smoke.json；05时02分MySQL、Redis、Spring和Vue健康通过；脚本仍依赖云目录,本次依赖和后端/Vue健康检查通过；独立洁净启动、部署回滚及恢复说明未完成,在新环境由独立人员按手册启动三端并演练回退,124
CK-10-08,1.0,R-039 操作培训,商家/用户/管理员分别完成任务观察；证据____,未完成 人工前提,未执行（本次独立验收）,原文相关章节、DEC/PR表、附录A；未恢复有效签字或该项完成记录,缺对应批准、签署、责任人或实际参与记录；源码不能代签,由实际责任人完成原文所列签审或体验步骤，留存批准与验收证据,124
CK-10-09,1.0,R-039 体验反馈闭环,可先1—10再不超过批准范围的约100名体验员，交易仍模拟；证据____,未完成 人工前提,未执行（本次独立验收）,原文相关章节、DEC/PR表、附录A；未恢复有效签字或该项完成记录,缺对应批准、签署、责任人或实际参与记录；源码不能代签,由实际责任人完成原文所列签审或体验步骤，留存批准与验收证据,124
CK-10-10,1.0,R-040 真实业务未自动解锁,发布1.0不触发任何真实资金开关；证据____,部分实现,未执行（本次独立验收）,SimulationOnlyGuard.java；本次4项保护JUnit通过；发布包和网络仍待验,模拟关闭保护源码存在；发布产物和网络策略尚未重新验证,复验默认关闭、禁用路由及发布包，确认无真实资金能力,124
CK-10-11,1.0,R-039 遗留问题与退出,阻断缺陷为0；遗留项有责任和修复计划；证据____,未完成,未执行（本次独立验收）,原始DOCX及技术包可读；本补充逐项对照原文150项，保留原始结构和媒体,当前云端规范表、身份桥接、业务联调和签审待办未完成；真机为延期分支,建立有责任人的缺陷清单，关闭阻断项后再做发布评审,124
CK-10-12,1.0,R-039 签署模拟版交付,评审明确仅模拟可验收，真实试验需另立项；证据____,未完成 人工前提,未执行（本次独立验收）,原文相关章节、DEC/PR表、附录A；未恢复有效签字或该项完成记录,缺对应批准、签署、责任人或实际参与记录；源码不能代签,由实际责任人完成原文所列签审或体验步骤，留存批准与验收证据,124
CK-10-13,1.0,R-039 摘要与产物完整性,四卷、十五章及附录、目录、公式、代码符号、摘要计数与产物SHA256一致；证据____,部分完成,未执行（本次独立验收）,原始DOCX及技术包可读；本补充逐项对照原文150项，保留原始结构和媒体,原文内容与媒体保留并追加状态；最终导出和产物哈希需随发布版校验,核对四卷十五章、附录、150项、媒体和最终DOCX/PDF哈希,124
CK-10-14,1.0,R-042 全版本及真机汇总,原124+新增26项共150；0.2b和PR-10全签审方可完整微信1.0交付；证据____,未完成 人工前提,未执行（本次独立验收）,原文相关章节、DEC/PR表、附录A；未恢复有效签字或该项完成记录,缺对应批准、签署、责任人或实际参与记录；源码不能代签,由实际责任人完成原文所列签审或体验步骤，留存批准与验收证据,124
